--
-- PostgreSQL database dump
--

\restrict isHOzfcA1lPnmTtae9sqnKoN7JeGVEL3ZpgPoU1cP15vCpQnhzx9pEgbKIILZ3m

-- Dumped from database version 17.7 (Ubuntu 17.7-3.pgdg25.04+1)
-- Dumped by pg_dump version 17.7 (Ubuntu 17.7-3.pgdg25.04+1)

SET statement_timeout = 0;
SET lock_timeout = 0;
SET idle_in_transaction_session_timeout = 0;
SET transaction_timeout = 0;
SET client_encoding = 'UTF8';
SET standard_conforming_strings = on;
SELECT pg_catalog.set_config('search_path', '', false);
SET check_function_bodies = false;
SET xmloption = content;
SET client_min_messages = warning;
SET row_security = off;

--
-- Name: manage_role_tables_on_user_change(); Type: FUNCTION; Schema: public; Owner: postgres
--

CREATE FUNCTION public.manage_role_tables_on_user_change() RETURNS trigger
    LANGUAGE plpgsql
    AS $$
BEGIN
  IF (TG_OP = 'INSERT') OR
     (TG_OP = 'UPDATE' AND (NEW.is_approved <> OLD.is_approved OR NEW.role <> OLD.role)) THEN

    DELETE FROM school_student WHERE email_id = NEW.email;
    DELETE FROM school_teacher WHERE email_id = NEW.email;
    DELETE FROM school_principal WHERE email_id = NEW.email;
    DELETE FROM school_management WHERE email_id = NEW.email;
    DELETE FROM school_admin WHERE email_id = NEW.email;
    DELETE FROM school_parent WHERE email_id = NEW.email;

    IF NEW.is_approved = TRUE THEN
      IF NEW.role = 'Student' THEN
        INSERT INTO school_student(email_id, fullname) VALUES (NEW.email, ''); 
      ELSIF NEW.role = 'Teacher' THEN
        INSERT INTO school_teacher(email_id, fullname) VALUES (NEW.email, ''); 
      ELSIF NEW.role = 'Principal' THEN
        INSERT INTO school_principal(email_id, fullname) VALUES (NEW.email, '');
      ELSIF NEW.role = 'Management' THEN
        INSERT INTO school_management(email_id, fullname) VALUES (NEW.email, '');
      ELSIF NEW.role = 'Admin' THEN
        INSERT INTO school_admin(email_id, fullname) VALUES (NEW.email, '');
      ELSIF NEW.role = 'Parent' THEN
        INSERT INTO school_parent(email_id, fullname) VALUES (NEW.email, '');
      END IF;
    END IF;

  ELSIF TG_OP = 'DELETE' THEN
    DELETE FROM school_student WHERE email_id = OLD.email;
    DELETE FROM school_teacher WHERE email_id = OLD.email;
    DELETE FROM school_principal WHERE email_id = OLD.email;
    DELETE FROM school_management WHERE email_id = OLD.email;
    DELETE FROM school_admin WHERE email_id = OLD.email;
    DELETE FROM school_parent WHERE email_id = OLD.email;
  END IF;

  RETURN NEW;
END;
$$;


ALTER FUNCTION public.manage_role_tables_on_user_change() OWNER TO postgres;

SET default_tablespace = '';

SET default_table_access_method = heap;

--
-- Name: auth_group; Type: TABLE; Schema: public; Owner: school_user
--

CREATE TABLE public.auth_group (
    id integer NOT NULL,
    name character varying(150) NOT NULL
);


ALTER TABLE public.auth_group OWNER TO school_user;

--
-- Name: auth_group_id_seq; Type: SEQUENCE; Schema: public; Owner: school_user
--

ALTER TABLE public.auth_group ALTER COLUMN id ADD GENERATED BY DEFAULT AS IDENTITY (
    SEQUENCE NAME public.auth_group_id_seq
    START WITH 1
    INCREMENT BY 1
    NO MINVALUE
    NO MAXVALUE
    CACHE 1
);


--
-- Name: auth_group_permissions; Type: TABLE; Schema: public; Owner: school_user
--

CREATE TABLE public.auth_group_permissions (
    id bigint NOT NULL,
    group_id integer NOT NULL,
    permission_id integer NOT NULL
);


ALTER TABLE public.auth_group_permissions OWNER TO school_user;

--
-- Name: auth_group_permissions_id_seq; Type: SEQUENCE; Schema: public; Owner: school_user
--

ALTER TABLE public.auth_group_permissions ALTER COLUMN id ADD GENERATED BY DEFAULT AS IDENTITY (
    SEQUENCE NAME public.auth_group_permissions_id_seq
    START WITH 1
    INCREMENT BY 1
    NO MINVALUE
    NO MAXVALUE
    CACHE 1
);


--
-- Name: auth_permission; Type: TABLE; Schema: public; Owner: school_user
--

CREATE TABLE public.auth_permission (
    id integer NOT NULL,
    name character varying(255) NOT NULL,
    content_type_id integer NOT NULL,
    codename character varying(100) NOT NULL
);


ALTER TABLE public.auth_permission OWNER TO school_user;

--
-- Name: auth_permission_id_seq; Type: SEQUENCE; Schema: public; Owner: school_user
--

ALTER TABLE public.auth_permission ALTER COLUMN id ADD GENERATED BY DEFAULT AS IDENTITY (
    SEQUENCE NAME public.auth_permission_id_seq
    START WITH 1
    INCREMENT BY 1
    NO MINVALUE
    NO MAXVALUE
    CACHE 1
);


--
-- Name: django_admin_log; Type: TABLE; Schema: public; Owner: school_user
--

CREATE TABLE public.django_admin_log (
    id integer NOT NULL,
    action_time timestamp with time zone NOT NULL,
    object_id text,
    object_repr character varying(200) NOT NULL,
    action_flag smallint NOT NULL,
    change_message text NOT NULL,
    content_type_id integer,
    user_id character varying(254) NOT NULL,
    CONSTRAINT django_admin_log_action_flag_check CHECK ((action_flag >= 0))
);


ALTER TABLE public.django_admin_log OWNER TO school_user;

--
-- Name: django_admin_log_id_seq; Type: SEQUENCE; Schema: public; Owner: school_user
--

ALTER TABLE public.django_admin_log ALTER COLUMN id ADD GENERATED BY DEFAULT AS IDENTITY (
    SEQUENCE NAME public.django_admin_log_id_seq
    START WITH 1
    INCREMENT BY 1
    NO MINVALUE
    NO MAXVALUE
    CACHE 1
);


--
-- Name: django_content_type; Type: TABLE; Schema: public; Owner: school_user
--

CREATE TABLE public.django_content_type (
    id integer NOT NULL,
    app_label character varying(100) NOT NULL,
    model character varying(100) NOT NULL
);


ALTER TABLE public.django_content_type OWNER TO school_user;

--
-- Name: django_content_type_id_seq; Type: SEQUENCE; Schema: public; Owner: school_user
--

ALTER TABLE public.django_content_type ALTER COLUMN id ADD GENERATED BY DEFAULT AS IDENTITY (
    SEQUENCE NAME public.django_content_type_id_seq
    START WITH 1
    INCREMENT BY 1
    NO MINVALUE
    NO MAXVALUE
    CACHE 1
);


--
-- Name: django_migrations; Type: TABLE; Schema: public; Owner: school_user
--

CREATE TABLE public.django_migrations (
    id bigint NOT NULL,
    app character varying(255) NOT NULL,
    name character varying(255) NOT NULL,
    applied timestamp with time zone NOT NULL
);


ALTER TABLE public.django_migrations OWNER TO school_user;

--
-- Name: django_migrations_id_seq; Type: SEQUENCE; Schema: public; Owner: school_user
--

ALTER TABLE public.django_migrations ALTER COLUMN id ADD GENERATED BY DEFAULT AS IDENTITY (
    SEQUENCE NAME public.django_migrations_id_seq
    START WITH 1
    INCREMENT BY 1
    NO MINVALUE
    NO MAXVALUE
    CACHE 1
);


--
-- Name: django_session; Type: TABLE; Schema: public; Owner: school_user
--

CREATE TABLE public.django_session (
    session_key character varying(40) NOT NULL,
    session_data text NOT NULL,
    expire_date timestamp with time zone NOT NULL
);


ALTER TABLE public.django_session OWNER TO school_user;

--
-- Name: school_issues; Type: TABLE; Schema: public; Owner: school_user
--

CREATE TABLE public.school_issues (
    id bigint NOT NULL,
    subject character varying(255) NOT NULL,
    status character varying(20) NOT NULL,
    description text,
    priority character varying(20) NOT NULL,
    created_at timestamp with time zone NOT NULL,
    updated_at timestamp with time zone NOT NULL,
    closed_description text,
    closed_by_id character varying(254),
    closed_to_id character varying(254),
    raised_by_id character varying(254),
    raised_to_id character varying(254)
);


ALTER TABLE public.school_issues OWNER TO school_user;

--
-- Name: issues_id_seq; Type: SEQUENCE; Schema: public; Owner: school_user
--

ALTER TABLE public.school_issues ALTER COLUMN id ADD GENERATED BY DEFAULT AS IDENTITY (
    SEQUENCE NAME public.issues_id_seq
    START WITH 1
    INCREMENT BY 1
    NO MINVALUE
    NO MAXVALUE
    CACHE 1
);


--
-- Name: school_activity; Type: TABLE; Schema: public; Owner: school_user
--

CREATE TABLE public.school_activity (
    id bigint NOT NULL,
    name character varying(255) NOT NULL,
    description text,
    type character varying(20) NOT NULL,
    date date,
    attachment character varying(200),
    created_at timestamp with time zone NOT NULL,
    updated_at timestamp with time zone NOT NULL,
    conducted_by_id character varying(254),
    class_id_id bigint
);


ALTER TABLE public.school_activity OWNER TO school_user;

--
-- Name: school_activity_id_seq; Type: SEQUENCE; Schema: public; Owner: school_user
--

ALTER TABLE public.school_activity ALTER COLUMN id ADD GENERATED BY DEFAULT AS IDENTITY (
    SEQUENCE NAME public.school_activity_id_seq
    START WITH 1
    INCREMENT BY 1
    NO MINVALUE
    NO MAXVALUE
    CACHE 1
);


--
-- Name: school_admin; Type: TABLE; Schema: public; Owner: school_user
--

CREATE TABLE public.school_admin (
    email_id character varying(254) NOT NULL,
    fullname character varying(255) NOT NULL,
    phone character varying(20),
    office_address text,
    profile_picture character varying(200),
    barcode_url character varying(200)
);


ALTER TABLE public.school_admin OWNER TO school_user;

--
-- Name: school_assignment; Type: TABLE; Schema: public; Owner: school_user
--

CREATE TABLE public.school_assignment (
    id bigint NOT NULL,
    title character varying(255) NOT NULL,
    description text,
    due_date date,
    attachment character varying(200),
    created_at timestamp with time zone NOT NULL,
    updated_at timestamp with time zone NOT NULL,
    assigned_by_id character varying(254),
    subject_id bigint NOT NULL,
    status character varying(20) NOT NULL,
    class_id_id bigint,
    student_submission character varying(200)
);


ALTER TABLE public.school_assignment OWNER TO school_user;

--
-- Name: school_assignment_id_seq; Type: SEQUENCE; Schema: public; Owner: school_user
--

ALTER TABLE public.school_assignment ALTER COLUMN id ADD GENERATED BY DEFAULT AS IDENTITY (
    SEQUENCE NAME public.school_assignment_id_seq
    START WITH 1
    INCREMENT BY 1
    NO MINVALUE
    NO MAXVALUE
    CACHE 1
);


--
-- Name: school_attendance; Type: TABLE; Schema: public; Owner: school_user
--

CREATE TABLE public.school_attendance (
    id bigint NOT NULL,
    date date NOT NULL,
    status character varying(20) NOT NULL,
    remarks text,
    check_in time without time zone,
    check_out time without time zone,
    user_id character varying(254) NOT NULL,
    role character varying(20) NOT NULL
);


ALTER TABLE public.school_attendance OWNER TO school_user;

--
-- Name: school_attendance_id_seq; Type: SEQUENCE; Schema: public; Owner: school_user
--

ALTER TABLE public.school_attendance ALTER COLUMN id ADD GENERATED BY DEFAULT AS IDENTITY (
    SEQUENCE NAME public.school_attendance_id_seq
    START WITH 1
    INCREMENT BY 1
    NO MINVALUE
    NO MAXVALUE
    CACHE 1
);


--
-- Name: school_award; Type: TABLE; Schema: public; Owner: school_user
--

CREATE TABLE public.school_award (
    id bigint NOT NULL,
    title character varying(255) NOT NULL,
    description text,
    photo character varying(500),
    created_at timestamp with time zone NOT NULL,
    email_id character varying(254) NOT NULL
);


ALTER TABLE public.school_award OWNER TO school_user;

--
-- Name: school_award_id_seq; Type: SEQUENCE; Schema: public; Owner: school_user
--

ALTER TABLE public.school_award ALTER COLUMN id ADD GENERATED BY DEFAULT AS IDENTITY (
    SEQUENCE NAME public.school_award_id_seq
    START WITH 1
    INCREMENT BY 1
    NO MINVALUE
    NO MAXVALUE
    CACHE 1
);


--
-- Name: school_class; Type: TABLE; Schema: public; Owner: school_user
--

CREATE TABLE public.school_class (
    id bigint NOT NULL,
    class_name character varying(50) NOT NULL,
    sec character varying(10) NOT NULL,
    created_at timestamp with time zone NOT NULL,
    updated_at timestamp with time zone NOT NULL,
    class_teacher_id character varying(254)
);


ALTER TABLE public.school_class OWNER TO school_user;

--
-- Name: school_class_id_seq; Type: SEQUENCE; Schema: public; Owner: school_user
--

ALTER TABLE public.school_class ALTER COLUMN id ADD GENERATED BY DEFAULT AS IDENTITY (
    SEQUENCE NAME public.school_class_id_seq
    START WITH 1
    INCREMENT BY 1
    NO MINVALUE
    NO MAXVALUE
    CACHE 1
);


--
-- Name: school_department; Type: TABLE; Schema: public; Owner: school_user
--

CREATE TABLE public.school_department (
    id bigint NOT NULL,
    department_name character varying(100) NOT NULL,
    description text,
    created_at timestamp with time zone NOT NULL,
    updated_at timestamp with time zone NOT NULL
);


ALTER TABLE public.school_department OWNER TO school_user;

--
-- Name: school_department_id_seq; Type: SEQUENCE; Schema: public; Owner: school_user
--

ALTER TABLE public.school_department ALTER COLUMN id ADD GENERATED BY DEFAULT AS IDENTITY (
    SEQUENCE NAME public.school_department_id_seq
    START WITH 1
    INCREMENT BY 1
    NO MINVALUE
    NO MAXVALUE
    CACHE 1
);


--
-- Name: school_document; Type: TABLE; Schema: public; Owner: school_user
--

CREATE TABLE public.school_document (
    id bigint NOT NULL,
    tenth character varying(200),
    twelth character varying(200),
    degree character varying(200),
    masters character varying(200),
    marks_card character varying(200),
    certificates character varying(200),
    award character varying(200),
    resume character varying(200),
    id_proof character varying(200),
    admit_card character varying(200),
    conduct_certificate character varying(200),
    fee_receipt character varying(200),
    student_id_card character varying(200),
    achievement_crt character varying(200),
    bonafide_crt character varying(200),
    uploaded_at timestamp with time zone NOT NULL,
    email_id character varying(254) NOT NULL,
    study_certificate character varying(200),
    transfer_certificate character varying(200)
);


ALTER TABLE public.school_document OWNER TO school_user;

--
-- Name: school_document_id_seq; Type: SEQUENCE; Schema: public; Owner: school_user
--

ALTER TABLE public.school_document ALTER COLUMN id ADD GENERATED BY DEFAULT AS IDENTITY (
    SEQUENCE NAME public.school_document_id_seq
    START WITH 1
    INCREMENT BY 1
    NO MINVALUE
    NO MAXVALUE
    CACHE 1
);


--
-- Name: school_feepayment; Type: TABLE; Schema: public; Owner: school_user
--

CREATE TABLE public.school_feepayment (
    id bigint NOT NULL,
    amount_paid numeric(10,2) NOT NULL,
    payment_date date NOT NULL,
    payment_method character varying(50) NOT NULL,
    transaction_id character varying(100),
    status character varying(20) NOT NULL,
    remarks text,
    created_at timestamp with time zone NOT NULL,
    updated_at timestamp with time zone NOT NULL,
    fee_structure_id bigint NOT NULL,
    student_id character varying(254) NOT NULL,
    remaining_amount numeric(10,2),
    total_amount numeric(10,2)
);


ALTER TABLE public.school_feepayment OWNER TO school_user;

--
-- Name: school_feepayment_id_seq; Type: SEQUENCE; Schema: public; Owner: school_user
--

ALTER TABLE public.school_feepayment ALTER COLUMN id ADD GENERATED BY DEFAULT AS IDENTITY (
    SEQUENCE NAME public.school_feepayment_id_seq
    START WITH 1
    INCREMENT BY 1
    NO MINVALUE
    NO MAXVALUE
    CACHE 1
);


--
-- Name: school_feestructure; Type: TABLE; Schema: public; Owner: school_user
--

CREATE TABLE public.school_feestructure (
    id bigint NOT NULL,
    fee_type character varying(100) NOT NULL,
    amount numeric(10,2) NOT NULL,
    frequency character varying(50) NOT NULL,
    description text,
    created_at timestamp with time zone NOT NULL,
    updated_at timestamp with time zone NOT NULL,
    class_id_id bigint
);


ALTER TABLE public.school_feestructure OWNER TO school_user;

--
-- Name: school_feestructure_id_seq; Type: SEQUENCE; Schema: public; Owner: school_user
--

ALTER TABLE public.school_feestructure ALTER COLUMN id ADD GENERATED BY DEFAULT AS IDENTITY (
    SEQUENCE NAME public.school_feestructure_id_seq
    START WITH 1
    INCREMENT BY 1
    NO MINVALUE
    NO MAXVALUE
    CACHE 1
);


--
-- Name: school_financetransaction; Type: TABLE; Schema: public; Owner: school_user
--

CREATE TABLE public.school_financetransaction (
    id bigint NOT NULL,
    date date NOT NULL,
    amount numeric(12,2) NOT NULL,
    type character varying(10) NOT NULL,
    category character varying(50) NOT NULL,
    description text,
    reference_id character varying(100),
    created_at timestamp with time zone NOT NULL,
    updated_at timestamp with time zone NOT NULL,
    recorded_by_id character varying(254)
);


ALTER TABLE public.school_financetransaction OWNER TO school_user;

--
-- Name: school_financetransaction_id_seq; Type: SEQUENCE; Schema: public; Owner: school_user
--

ALTER TABLE public.school_financetransaction ALTER COLUMN id ADD GENERATED BY DEFAULT AS IDENTITY (
    SEQUENCE NAME public.school_financetransaction_id_seq
    START WITH 1
    INCREMENT BY 1
    NO MINVALUE
    NO MAXVALUE
    CACHE 1
);


--
-- Name: school_formermember; Type: TABLE; Schema: public; Owner: school_user
--

CREATE TABLE public.school_formermember (
    email character varying(254) NOT NULL,
    fullname character varying(255),
    role character varying(30),
    phone character varying(20),
    date_of_birth date,
    gender character varying(20),
    student_id character varying(50),
    teacher_id character varying(50),
    admission_date date,
    date_joined date,
    class_name character varying(50),
    department_name character varying(100),
    designation character varying(100),
    qualification character varying(255),
    experience_years numeric(4,1),
    residential_address text,
    office_address text,
    emergency_contact_name character varying(100),
    emergency_contact_relationship character varying(50),
    emergency_contact_no character varying(20),
    nationality character varying(50),
    blood_group character varying(3),
    profile_picture character varying(200),
    occupation character varying(100),
    bio text,
    left_date timestamp with time zone NOT NULL,
    reason text
);


ALTER TABLE public.school_formermember OWNER TO school_user;

--
-- Name: school_grade; Type: TABLE; Schema: public; Owner: school_user
--

CREATE TABLE public.school_grade (
    id bigint NOT NULL,
    exam_type character varying(50) NOT NULL,
    marks_obtained numeric(5,2) NOT NULL,
    total_marks numeric(5,2) NOT NULL,
    exam_date date,
    remarks text,
    created_at timestamp with time zone NOT NULL,
    updated_at timestamp with time zone NOT NULL,
    subject_id bigint NOT NULL,
    student_id character varying(254) NOT NULL,
    teacher_id character varying(254)
);


ALTER TABLE public.school_grade OWNER TO school_user;

--
-- Name: school_grade_id_seq; Type: SEQUENCE; Schema: public; Owner: school_user
--

ALTER TABLE public.school_grade ALTER COLUMN id ADD GENERATED BY DEFAULT AS IDENTITY (
    SEQUENCE NAME public.school_grade_id_seq
    START WITH 1
    INCREMENT BY 1
    NO MINVALUE
    NO MAXVALUE
    CACHE 1
);


--
-- Name: school_holiday; Type: TABLE; Schema: public; Owner: school_user
--

CREATE TABLE public.school_holiday (
    id bigint NOT NULL,
    name character varying(255) NOT NULL,
    date date NOT NULL,
    type character varying(100) NOT NULL,
    country character varying(100) NOT NULL,
    year integer NOT NULL,
    month integer NOT NULL,
    weekday character varying(10) NOT NULL,
    CONSTRAINT school_holiday_month_check CHECK ((month >= 0)),
    CONSTRAINT school_holiday_year_check CHECK ((year >= 0))
);


ALTER TABLE public.school_holiday OWNER TO school_user;

--
-- Name: school_holiday_id_seq; Type: SEQUENCE; Schema: public; Owner: school_user
--

ALTER TABLE public.school_holiday ALTER COLUMN id ADD GENERATED BY DEFAULT AS IDENTITY (
    SEQUENCE NAME public.school_holiday_id_seq
    START WITH 1
    INCREMENT BY 1
    NO MINVALUE
    NO MAXVALUE
    CACHE 1
);


--
-- Name: school_idcard; Type: TABLE; Schema: public; Owner: school_user
--

CREATE TABLE public.school_idcard (
    id bigint NOT NULL,
    id_card_url character varying(200),
    created_at timestamp with time zone NOT NULL,
    updated_at timestamp with time zone NOT NULL,
    user_id character varying(254) NOT NULL
);


ALTER TABLE public.school_idcard OWNER TO school_user;

--
-- Name: school_idcard_id_seq; Type: SEQUENCE; Schema: public; Owner: school_user
--

ALTER TABLE public.school_idcard ALTER COLUMN id ADD GENERATED BY DEFAULT AS IDENTITY (
    SEQUENCE NAME public.school_idcard_id_seq
    START WITH 1
    INCREMENT BY 1
    NO MINVALUE
    NO MAXVALUE
    CACHE 1
);


--
-- Name: school_leave; Type: TABLE; Schema: public; Owner: school_user
--

CREATE TABLE public.school_leave (
    id bigint NOT NULL,
    leave_type character varying(20) NOT NULL,
    start_date date NOT NULL,
    end_date date NOT NULL,
    reason text,
    status character varying(20) NOT NULL,
    created_at timestamp with time zone NOT NULL,
    updated_at timestamp with time zone NOT NULL,
    applicant_id character varying(254) NOT NULL,
    approved_by_id character varying(254)
);


ALTER TABLE public.school_leave OWNER TO school_user;

--
-- Name: school_leave_id_seq; Type: SEQUENCE; Schema: public; Owner: school_user
--

ALTER TABLE public.school_leave ALTER COLUMN id ADD GENERATED BY DEFAULT AS IDENTITY (
    SEQUENCE NAME public.school_leave_id_seq
    START WITH 1
    INCREMENT BY 1
    NO MINVALUE
    NO MAXVALUE
    CACHE 1
);


--
-- Name: school_management; Type: TABLE; Schema: public; Owner: school_user
--

CREATE TABLE public.school_management (
    email_id character varying(254) NOT NULL,
    fullname character varying(255) NOT NULL,
    phone character varying(20),
    designation character varying(100),
    date_of_birth date,
    date_joined date,
    profile_picture character varying(200),
    office_address text,
    department_id bigint,
    barcode_url character varying(200)
);


ALTER TABLE public.school_management OWNER TO school_user;

--
-- Name: school_notice; Type: TABLE; Schema: public; Owner: school_user
--

CREATE TABLE public.school_notice (
    id integer NOT NULL,
    title character varying(255) NOT NULL,
    message text NOT NULL,
    posted_date timestamp with time zone NOT NULL,
    valid_until timestamp with time zone,
    important boolean NOT NULL,
    attachment character varying(100),
    email_id character varying(254),
    notice_by_id character varying(254),
    notice_to_id character varying(254)
);


ALTER TABLE public.school_notice OWNER TO school_user;

--
-- Name: school_notice_id_seq; Type: SEQUENCE; Schema: public; Owner: school_user
--

ALTER TABLE public.school_notice ALTER COLUMN id ADD GENERATED BY DEFAULT AS IDENTITY (
    SEQUENCE NAME public.school_notice_id_seq
    START WITH 1
    INCREMENT BY 1
    NO MINVALUE
    NO MAXVALUE
    CACHE 1
);


--
-- Name: school_parent; Type: TABLE; Schema: public; Owner: school_user
--

CREATE TABLE public.school_parent (
    email_id character varying(254) NOT NULL,
    fullname character varying(255) NOT NULL,
    phone character varying(20),
    occupation character varying(100),
    residential_address text,
    profile_picture character varying(200),
    relationship_to_student character varying(50)
);


ALTER TABLE public.school_parent OWNER TO school_user;

--
-- Name: school_principal; Type: TABLE; Schema: public; Owner: school_user
--

CREATE TABLE public.school_principal (
    email_id character varying(254) NOT NULL,
    fullname character varying(255) NOT NULL,
    phone character varying(20),
    date_of_birth date,
    date_joined date,
    qualification character varying(255),
    total_experience numeric(4,1),
    bio text,
    profile_picture character varying(200),
    office_address text,
    barcode_url character varying(200)
);


ALTER TABLE public.school_principal OWNER TO school_user;

--
-- Name: school_program; Type: TABLE; Schema: public; Owner: school_user
--

CREATE TABLE public.school_program (
    id bigint NOT NULL,
    name character varying(255) NOT NULL,
    description text,
    start_date date,
    end_date date,
    status character varying(20) NOT NULL,
    created_at timestamp with time zone NOT NULL,
    updated_at timestamp with time zone NOT NULL,
    coordinator_id character varying(254)
);


ALTER TABLE public.school_program OWNER TO school_user;

--
-- Name: school_program_id_seq; Type: SEQUENCE; Schema: public; Owner: school_user
--

ALTER TABLE public.school_program ALTER COLUMN id ADD GENERATED BY DEFAULT AS IDENTITY (
    SEQUENCE NAME public.school_program_id_seq
    START WITH 1
    INCREMENT BY 1
    NO MINVALUE
    NO MAXVALUE
    CACHE 1
);


--
-- Name: school_project; Type: TABLE; Schema: public; Owner: school_user
--

CREATE TABLE public.school_project (
    id bigint NOT NULL,
    title character varying(255) NOT NULL,
    description text,
    start_date date,
    end_date date,
    status character varying(20) NOT NULL,
    attachment character varying(200),
    created_at timestamp with time zone NOT NULL,
    updated_at timestamp with time zone NOT NULL,
    owner_id character varying(254),
    class_id_id bigint
);


ALTER TABLE public.school_project OWNER TO school_user;

--
-- Name: school_project_id_seq; Type: SEQUENCE; Schema: public; Owner: school_user
--

ALTER TABLE public.school_project ALTER COLUMN id ADD GENERATED BY DEFAULT AS IDENTITY (
    SEQUENCE NAME public.school_project_id_seq
    START WITH 1
    INCREMENT BY 1
    NO MINVALUE
    NO MAXVALUE
    CACHE 1
);


--
-- Name: school_report; Type: TABLE; Schema: public; Owner: school_user
--

CREATE TABLE public.school_report (
    id bigint NOT NULL,
    title character varying(255) NOT NULL,
    description text,
    report_type character varying(20) NOT NULL,
    file_url character varying(200),
    created_at timestamp with time zone NOT NULL,
    updated_at timestamp with time zone NOT NULL,
    created_by_id character varying(254),
    student_id character varying(254),
    teacher_id character varying(254)
);


ALTER TABLE public.school_report OWNER TO school_user;

--
-- Name: school_report_id_seq; Type: SEQUENCE; Schema: public; Owner: school_user
--

ALTER TABLE public.school_report ALTER COLUMN id ADD GENERATED BY DEFAULT AS IDENTITY (
    SEQUENCE NAME public.school_report_id_seq
    START WITH 1
    INCREMENT BY 1
    NO MINVALUE
    NO MAXVALUE
    CACHE 1
);


--
-- Name: school_student; Type: TABLE; Schema: public; Owner: school_user
--

CREATE TABLE public.school_student (
    email_id character varying(254) NOT NULL,
    fullname character varying(255) NOT NULL,
    student_id character varying(50),
    phone character varying(20),
    date_of_birth date,
    gender character varying(20),
    admission_date date,
    profile_picture character varying(200),
    residential_address text,
    emergency_contact_name character varying(100),
    emergency_contact_relationship character varying(50),
    emergency_contact_no character varying(20),
    nationality character varying(50),
    blood_group character varying(3),
    parent_id character varying(254),
    father_name character varying(255),
    mother_name character varying(255),
    class_id_id bigint
);


ALTER TABLE public.school_student OWNER TO school_user;

--
-- Name: school_studentattendance; Type: TABLE; Schema: public; Owner: school_user
--

CREATE TABLE public.school_studentattendance (
    id bigint NOT NULL,
    date date NOT NULL,
    status character varying(20) NOT NULL,
    created_time timestamp with time zone NOT NULL,
    class_id_id bigint NOT NULL,
    student_id character varying(254) NOT NULL,
    subject_id bigint NOT NULL,
    teacher_id character varying(254) NOT NULL
);


ALTER TABLE public.school_studentattendance OWNER TO school_user;

--
-- Name: school_studentattendance_id_seq; Type: SEQUENCE; Schema: public; Owner: school_user
--

ALTER TABLE public.school_studentattendance ALTER COLUMN id ADD GENERATED BY DEFAULT AS IDENTITY (
    SEQUENCE NAME public.school_studentattendance_id_seq
    START WITH 1
    INCREMENT BY 1
    NO MINVALUE
    NO MAXVALUE
    CACHE 1
);


--
-- Name: school_subject; Type: TABLE; Schema: public; Owner: school_user
--

CREATE TABLE public.school_subject (
    id bigint NOT NULL,
    subject_name character varying(100) NOT NULL,
    subject_code character varying(20) NOT NULL,
    description text,
    created_at timestamp with time zone NOT NULL,
    updated_at timestamp with time zone NOT NULL
);


ALTER TABLE public.school_subject OWNER TO school_user;

--
-- Name: school_subject_id_seq; Type: SEQUENCE; Schema: public; Owner: school_user
--

ALTER TABLE public.school_subject ALTER COLUMN id ADD GENERATED BY DEFAULT AS IDENTITY (
    SEQUENCE NAME public.school_subject_id_seq
    START WITH 1
    INCREMENT BY 1
    NO MINVALUE
    NO MAXVALUE
    CACHE 1
);


--
-- Name: school_submittedassignment; Type: TABLE; Schema: public; Owner: school_user
--

CREATE TABLE public.school_submittedassignment (
    id bigint NOT NULL,
    submission_file character varying(200) NOT NULL,
    submission_date timestamp with time zone NOT NULL,
    grade numeric(5,2),
    feedback text,
    is_late boolean NOT NULL,
    assignment_id bigint NOT NULL,
    student_id character varying(254) NOT NULL
);


ALTER TABLE public.school_submittedassignment OWNER TO school_user;

--
-- Name: school_submittedassignment_id_seq; Type: SEQUENCE; Schema: public; Owner: school_user
--

ALTER TABLE public.school_submittedassignment ALTER COLUMN id ADD GENERATED BY DEFAULT AS IDENTITY (
    SEQUENCE NAME public.school_submittedassignment_id_seq
    START WITH 1
    INCREMENT BY 1
    NO MINVALUE
    NO MAXVALUE
    CACHE 1
);


--
-- Name: school_task; Type: TABLE; Schema: public; Owner: school_user
--

CREATE TABLE public.school_task (
    id bigint NOT NULL,
    title character varying(255) NOT NULL,
    description text,
    status character varying(20) NOT NULL,
    priority character varying(10) NOT NULL,
    due_date date,
    completed_at timestamp with time zone,
    created_at timestamp with time zone NOT NULL,
    updated_at timestamp with time zone NOT NULL,
    assigned_to_id character varying(254),
    created_by_id character varying(254)
);


ALTER TABLE public.school_task OWNER TO school_user;

--
-- Name: school_task_id_seq; Type: SEQUENCE; Schema: public; Owner: school_user
--

ALTER TABLE public.school_task ALTER COLUMN id ADD GENERATED BY DEFAULT AS IDENTITY (
    SEQUENCE NAME public.school_task_id_seq
    START WITH 1
    INCREMENT BY 1
    NO MINVALUE
    NO MAXVALUE
    CACHE 1
);


--
-- Name: school_teacher; Type: TABLE; Schema: public; Owner: school_user
--

CREATE TABLE public.school_teacher (
    email_id character varying(254) NOT NULL,
    fullname character varying(255) NOT NULL,
    teacher_id character varying(50),
    phone character varying(20),
    date_of_birth date,
    gender character varying(20),
    date_joined date,
    qualification character varying(255),
    experience_years numeric(4,1),
    profile_picture character varying(200),
    residential_address text,
    emergency_contact_name character varying(100),
    emergency_contact_relationship character varying(50),
    emergency_contact_no character varying(20),
    nationality character varying(50),
    blood_group character varying(3),
    department_id bigint,
    class_id_id bigint,
    is_classteacher boolean DEFAULT false NOT NULL,
    sec character varying(10),
    barcode_url character varying(200)
);


ALTER TABLE public.school_teacher OWNER TO school_user;

--
-- Name: school_teacher_subjects; Type: TABLE; Schema: public; Owner: school_user
--

CREATE TABLE public.school_teacher_subjects (
    id bigint NOT NULL,
    teacher_id character varying(254) NOT NULL,
    subject_id bigint NOT NULL
);


ALTER TABLE public.school_teacher_subjects OWNER TO school_user;

--
-- Name: school_teacher_subjects_id_seq; Type: SEQUENCE; Schema: public; Owner: school_user
--

ALTER TABLE public.school_teacher_subjects ALTER COLUMN id ADD GENERATED BY DEFAULT AS IDENTITY (
    SEQUENCE NAME public.school_teacher_subjects_id_seq
    START WITH 1
    INCREMENT BY 1
    NO MINVALUE
    NO MAXVALUE
    CACHE 1
);


--
-- Name: school_timetable; Type: TABLE; Schema: public; Owner: school_user
--

CREATE TABLE public.school_timetable (
    id bigint NOT NULL,
    day_of_week character varying(20) NOT NULL,
    start_time time without time zone NOT NULL,
    end_time time without time zone NOT NULL,
    room_number character varying(50),
    created_at timestamp with time zone NOT NULL,
    updated_at timestamp with time zone NOT NULL,
    subject_id bigint NOT NULL,
    teacher_id character varying(254),
    class_id_id bigint
);


ALTER TABLE public.school_timetable OWNER TO school_user;

--
-- Name: school_timetable_id_seq; Type: SEQUENCE; Schema: public; Owner: school_user
--

ALTER TABLE public.school_timetable ALTER COLUMN id ADD GENERATED BY DEFAULT AS IDENTITY (
    SEQUENCE NAME public.school_timetable_id_seq
    START WITH 1
    INCREMENT BY 1
    NO MINVALUE
    NO MAXVALUE
    CACHE 1
);


--
-- Name: school_transportdetails; Type: TABLE; Schema: public; Owner: school_user
--

CREATE TABLE public.school_transportdetails (
    id bigint NOT NULL,
    route_name character varying(100) NOT NULL,
    bus_number character varying(50),
    pickup_point character varying(255),
    drop_point character varying(255),
    driver_name character varying(100),
    driver_phone character varying(20),
    transport_fee numeric(10,2),
    is_active boolean NOT NULL,
    created_at timestamp with time zone NOT NULL,
    updated_at timestamp with time zone NOT NULL,
    user_id character varying(254) NOT NULL
);


ALTER TABLE public.school_transportdetails OWNER TO school_user;

--
-- Name: school_transportdetails_id_seq; Type: SEQUENCE; Schema: public; Owner: school_user
--

ALTER TABLE public.school_transportdetails ALTER COLUMN id ADD GENERATED BY DEFAULT AS IDENTITY (
    SEQUENCE NAME public.school_transportdetails_id_seq
    START WITH 1
    INCREMENT BY 1
    NO MINVALUE
    NO MAXVALUE
    CACHE 1
);


--
-- Name: school_user; Type: TABLE; Schema: public; Owner: school_user
--

CREATE TABLE public.school_user (
    password character varying(128) NOT NULL,
    last_login timestamp with time zone,
    is_superuser boolean NOT NULL,
    email character varying(254) NOT NULL,
    role character varying(30) NOT NULL,
    is_active boolean NOT NULL,
    is_staff boolean NOT NULL,
    is_approved boolean NOT NULL,
    created_at timestamp with time zone NOT NULL,
    updated_at timestamp with time zone NOT NULL
);


ALTER TABLE public.school_user OWNER TO school_user;

--
-- Name: school_user_groups; Type: TABLE; Schema: public; Owner: school_user
--

CREATE TABLE public.school_user_groups (
    id bigint NOT NULL,
    user_id character varying(254) NOT NULL,
    group_id integer NOT NULL
);


ALTER TABLE public.school_user_groups OWNER TO school_user;

--
-- Name: school_user_groups_id_seq; Type: SEQUENCE; Schema: public; Owner: school_user
--

ALTER TABLE public.school_user_groups ALTER COLUMN id ADD GENERATED BY DEFAULT AS IDENTITY (
    SEQUENCE NAME public.school_user_groups_id_seq
    START WITH 1
    INCREMENT BY 1
    NO MINVALUE
    NO MAXVALUE
    CACHE 1
);


--
-- Name: school_user_user_permissions; Type: TABLE; Schema: public; Owner: school_user
--

CREATE TABLE public.school_user_user_permissions (
    id bigint NOT NULL,
    user_id character varying(254) NOT NULL,
    permission_id integer NOT NULL
);


ALTER TABLE public.school_user_user_permissions OWNER TO school_user;

--
-- Name: school_user_user_permissions_id_seq; Type: SEQUENCE; Schema: public; Owner: school_user
--

ALTER TABLE public.school_user_user_permissions ALTER COLUMN id ADD GENERATED BY DEFAULT AS IDENTITY (
    SEQUENCE NAME public.school_user_user_permissions_id_seq
    START WITH 1
    INCREMENT BY 1
    NO MINVALUE
    NO MAXVALUE
    CACHE 1
);


--
-- Data for Name: auth_group; Type: TABLE DATA; Schema: public; Owner: school_user
--

COPY public.auth_group (id, name) FROM stdin;
\.


--
-- Data for Name: auth_group_permissions; Type: TABLE DATA; Schema: public; Owner: school_user
--

COPY public.auth_group_permissions (id, group_id, permission_id) FROM stdin;
\.


--
-- Data for Name: auth_permission; Type: TABLE DATA; Schema: public; Owner: school_user
--

COPY public.auth_permission (id, name, content_type_id, codename) FROM stdin;
1	Can add log entry	1	add_logentry
2	Can change log entry	1	change_logentry
3	Can delete log entry	1	delete_logentry
4	Can view log entry	1	view_logentry
5	Can add permission	2	add_permission
6	Can change permission	2	change_permission
7	Can delete permission	2	delete_permission
8	Can view permission	2	view_permission
9	Can add group	3	add_group
10	Can change group	3	change_group
11	Can delete group	3	delete_group
12	Can view group	3	view_group
13	Can add content type	4	add_contenttype
14	Can change content type	4	change_contenttype
15	Can delete content type	4	delete_contenttype
16	Can view content type	4	view_contenttype
17	Can add session	5	add_session
18	Can change session	5	change_session
19	Can delete session	5	delete_session
20	Can view session	5	view_session
21	Can add User	6	add_user
22	Can change User	6	change_user
23	Can delete User	6	delete_user
24	Can view User	6	view_user
25	Can add department	7	add_department
26	Can change department	7	change_department
27	Can delete department	7	delete_department
28	Can view department	7	view_department
29	Can add Class	8	add_class
30	Can change Class	8	change_class
31	Can delete Class	8	delete_class
32	Can view Class	8	view_class
33	Can add subject	9	add_subject
34	Can change subject	9	change_subject
35	Can delete subject	9	delete_subject
36	Can view subject	9	view_subject
37	Can add student	10	add_student
38	Can change student	10	change_student
39	Can delete student	10	delete_student
40	Can view student	10	view_student
41	Can add teacher	11	add_teacher
42	Can change teacher	11	change_teacher
43	Can delete teacher	11	delete_teacher
44	Can view teacher	11	view_teacher
45	Can add principal	12	add_principal
46	Can change principal	12	change_principal
47	Can delete principal	12	delete_principal
48	Can view principal	12	view_principal
49	Can add management	13	add_management
50	Can change management	13	change_management
51	Can delete management	13	delete_management
52	Can view management	13	view_management
53	Can add admin	14	add_admin
54	Can change admin	14	change_admin
55	Can delete admin	14	delete_admin
56	Can view admin	14	view_admin
57	Can add parent	15	add_parent
58	Can change parent	15	change_parent
59	Can delete parent	15	delete_parent
60	Can view parent	15	view_parent
61	Can add attendance	16	add_attendance
62	Can change attendance	16	change_attendance
63	Can delete attendance	16	delete_attendance
64	Can view attendance	16	view_attendance
65	Can add student attendance	17	add_studentattendance
66	Can change student attendance	17	change_studentattendance
67	Can delete student attendance	17	delete_studentattendance
68	Can view student attendance	17	view_studentattendance
69	Can add grade	18	add_grade
70	Can change grade	18	change_grade
71	Can delete grade	18	delete_grade
72	Can view grade	18	view_grade
73	Can add fee structure	19	add_feestructure
74	Can change fee structure	19	change_feestructure
75	Can delete fee structure	19	delete_feestructure
76	Can view fee structure	19	view_feestructure
77	Can add fee payment	20	add_feepayment
78	Can change fee payment	20	change_feepayment
79	Can delete fee payment	20	delete_feepayment
80	Can view fee payment	20	view_feepayment
81	Can add timetable	21	add_timetable
82	Can change timetable	21	change_timetable
83	Can delete timetable	21	delete_timetable
84	Can view timetable	21	view_timetable
85	Can add assignment	22	add_assignment
86	Can change assignment	22	change_assignment
87	Can delete assignment	22	delete_assignment
88	Can view assignment	22	view_assignment
89	Can add submitted assignment	23	add_submittedassignment
90	Can change submitted assignment	23	change_submittedassignment
91	Can delete submitted assignment	23	delete_submittedassignment
92	Can view submitted assignment	23	view_submittedassignment
93	Can add Former Member	24	add_formermember
94	Can change Former Member	24	change_formermember
95	Can delete Former Member	24	delete_formermember
96	Can view Former Member	24	view_formermember
97	Can add document	25	add_document
98	Can change document	25	change_document
99	Can delete document	25	delete_document
100	Can view document	25	view_document
101	Can add award	26	add_award
102	Can change award	26	change_award
103	Can delete award	26	delete_award
104	Can view award	26	view_award
105	Can add notice	27	add_notice
106	Can change notice	27	change_notice
107	Can delete notice	27	delete_notice
108	Can view notice	27	view_notice
109	Can add issue	28	add_issue
110	Can change issue	28	change_issue
111	Can delete issue	28	delete_issue
112	Can view issue	28	view_issue
113	Can add holiday	29	add_holiday
114	Can change holiday	29	change_holiday
115	Can delete holiday	29	delete_holiday
116	Can view holiday	29	view_holiday
117	Can add leave	30	add_leave
118	Can change leave	30	change_leave
119	Can delete leave	30	delete_leave
120	Can view leave	30	view_leave
121	Can add task	31	add_task
122	Can change task	31	change_task
123	Can delete task	31	delete_task
124	Can view task	31	view_task
125	Can add project	32	add_project
126	Can change project	32	change_project
127	Can delete project	32	delete_project
128	Can view project	32	view_project
129	Can add program	33	add_program
130	Can change program	33	change_program
131	Can delete program	33	delete_program
132	Can view program	33	view_program
133	Can add activity	34	add_activity
134	Can change activity	34	change_activity
135	Can delete activity	34	delete_activity
136	Can view activity	34	view_activity
137	Can add report	35	add_report
138	Can change report	35	change_report
139	Can delete report	35	delete_report
140	Can view report	35	view_report
141	Can add finance transaction	36	add_financetransaction
142	Can change finance transaction	36	change_financetransaction
143	Can delete finance transaction	36	delete_financetransaction
144	Can view finance transaction	36	view_financetransaction
145	Can add transport details	37	add_transportdetails
146	Can change transport details	37	change_transportdetails
147	Can delete transport details	37	delete_transportdetails
148	Can view transport details	37	view_transportdetails
149	Can add id card	38	add_idcard
150	Can change id card	38	change_idcard
151	Can delete id card	38	delete_idcard
152	Can view id card	38	view_idcard
\.


--
-- Data for Name: django_admin_log; Type: TABLE DATA; Schema: public; Owner: school_user
--

COPY public.django_admin_log (id, action_time, object_id, object_repr, action_flag, change_message, content_type_id, user_id) FROM stdin;
1	2025-11-19 11:19:37.357765+00	teacher1@example.com	pavan (t001) - 2nd Grade - A	2	[]	11	a@gmail.com
\.


--
-- Data for Name: django_content_type; Type: TABLE DATA; Schema: public; Owner: school_user
--

COPY public.django_content_type (id, app_label, model) FROM stdin;
1	admin	logentry
2	auth	permission
3	auth	group
4	contenttypes	contenttype
5	sessions	session
6	school	user
7	school	department
8	school	class
9	school	subject
10	school	student
11	school	teacher
12	school	principal
13	school	management
14	school	admin
15	school	parent
16	school	attendance
17	school	studentattendance
18	school	grade
19	school	feestructure
20	school	feepayment
21	school	timetable
22	school	assignment
23	school	submittedassignment
24	school	formermember
25	school	document
26	school	award
27	school	notice
28	school	issue
29	school	holiday
30	school	leave
31	school	task
32	school	project
33	school	program
34	school	activity
35	school	report
36	school	financetransaction
37	school	transportdetails
38	school	idcard
\.


--
-- Data for Name: django_migrations; Type: TABLE DATA; Schema: public; Owner: school_user
--

COPY public.django_migrations (id, app, name, applied) FROM stdin;
1	contenttypes	0001_initial	2025-10-28 09:55:39.364384+00
2	contenttypes	0002_remove_content_type_name	2025-10-28 09:55:39.505695+00
3	auth	0001_initial	2025-10-28 09:55:40.031847+00
4	auth	0002_alter_permission_name_max_length	2025-10-28 09:55:40.12315+00
5	auth	0003_alter_user_email_max_length	2025-10-28 09:55:40.194881+00
6	auth	0004_alter_user_username_opts	2025-10-28 09:55:40.280994+00
7	auth	0005_alter_user_last_login_null	2025-10-28 09:55:40.37191+00
8	auth	0006_require_contenttypes_0002	2025-10-28 09:55:40.443692+00
9	auth	0007_alter_validators_add_error_messages	2025-10-28 09:55:40.526205+00
10	auth	0008_alter_user_username_max_length	2025-10-28 09:55:40.619882+00
11	auth	0009_alter_user_last_name_max_length	2025-10-28 09:55:40.742348+00
12	auth	0010_alter_group_name_max_length	2025-10-28 09:55:40.901925+00
13	auth	0011_update_proxy_permissions	2025-10-28 09:55:40.965479+00
14	auth	0012_alter_user_first_name_max_length	2025-10-28 09:55:41.063986+00
19	sessions	0001_initial	2025-10-28 09:55:44.865345+00
20	school	0001_initial	2025-10-28 16:03:09.268828+00
21	admin	0001_initial	2025-10-28 16:03:09.320534+00
22	admin	0002_logentry_remove_auto_add	2025-10-28 16:03:09.359304+00
23	admin	0003_logentry_add_action_flag_choices	2025-10-28 16:03:09.385301+00
24	school	0002_formermember	2025-10-28 16:24:09.318321+00
25	school	0003_document_holiday_issue_notice	2025-10-31 11:17:05.915724+00
26	school	0004_award	2025-10-31 11:38:59.750242+00
27	school	0005_attendance_marked_by_role	2025-10-31 14:39:25.964216+00
28	school	0006_remove_timetable_class_enrolled_and_more	2025-10-31 16:21:24.507159+00
29	school	0007_alter_issue_table	2025-10-31 16:23:18.221959+00
30	school	0008_rename_appointment_letter_document_admit_card_and_more	2025-11-01 15:23:34.284584+00
31	school	0009_alter_teacher_blood_group	2025-11-03 15:28:11.369179+00
32	school	0010_alter_teacher_blood_group	2025-11-03 15:28:11.478802+00
33	school	0011_assignment_section_assignment_status_and_more	2025-11-03 15:28:11.772698+00
34	school	0012_student_father_name_student_mother_name	2025-11-03 15:53:41.409062+00
35	school	0013_activity_financetransaction_program_project_report_and_more	2025-11-03 16:00:14.761666+00
36	school	0014_feepayment_remaining_amount_feepayment_total_amount	2025-11-04 15:59:30.960509+00
37	school	0015_remove_attendance_created_at_attendance_check_in_and_more	2025-11-05 10:55:23.399187+00
38	school	0016_alter_attendance_options_remove_attendance_remarks_and_more	2025-11-05 15:48:51.704731+00
43	school	0017_add_marked_by_role_to_attendance	2025-11-07 12:29:17.69131+00
44	school	0018_add_sec_field_to_attendance	2025-11-07 12:29:17.739771+00
45	school	0019_alter_attendance_sec	2025-11-07 12:29:17.781869+00
46	school	0020_alter_attendance_sec	2025-11-07 12:29:17.830186+00
47	school	0021_remove_transportdetails_student_attendance_remarks_and_more	2025-11-07 12:29:17.871036+00
48	school	0022_delete_transportdetails	2025-11-07 14:19:23.508461+00
49	school	0023_transportdetails	2025-11-07 14:21:39.759048+00
50	school	0024_alter_attendance_status	2025-11-08 13:50:45.624754+00
52	school	0025_class	2025-11-10 12:09:38.56015+00
53	school	0026_remove_activity_class_name_remove_activity_section_and_more	2025-11-10 12:36:03.812745+00
54	school	0027_teacher_class_id_teacher_is_classteacher	2025-11-10 16:02:04.191559+00
55	school	0028_teacher_class_name	2025-11-10 16:32:12.290826+00
56	school	0029_remove_teacher_class_name	2025-11-10 16:41:48.533684+00
57	school	0030_teacher_sec	2025-11-10 16:46:21.113269+00
58	school	0031_fix_class_id_column_names	2025-11-10 17:41:38.126021+00
59	school	0032_modify_attendance_for_generic_users	2025-11-11 11:03:41.098461+00
60	school	0033_make_attendance_user_non_nullable	2025-11-11 11:03:41.515321+00
61	school	0034_enforce_staff_only_face_attendance	2025-11-11 11:10:09.056809+00
62	school	0035_fix_teacher_is_classteacher_field	2025-11-11 11:28:42.057258+00
63	school	0036_ensure_teacher_is_classteacher_default	2025-11-11 12:44:33.887682+00
64	school	0037_fix_teacher_is_classteacher_default	2025-11-11 13:29:14.187791+00
65	school	0038_update_attendance_role_field	2025-11-11 14:09:13.042106+00
66	school	0039_alter_attendance_role	2025-11-11 14:10:29.27735+00
67	school	0040_add_student_submission_to_assignment	2025-11-11 15:00:52.157549+00
68	school	0041_create_submitted_assignment_model	2025-11-11 15:09:57.143484+00
69	school	0042_alter_submittedassignment_student	2025-11-11 15:27:45.364406+00
70	school	0043_alter_attendance_date_and_more	2025-11-14 14:28:59.220673+00
71	school	0044_studentattendance	2025-11-14 17:33:29.364807+00
72	school	0045_move_barcode_url_to_role_models	2025-11-15 10:58:06.505464+00
73	school	0046_move_barcode_url_to_role_models	2025-11-15 10:58:35.200417+00
\.


--
-- Data for Name: django_session; Type: TABLE DATA; Schema: public; Owner: school_user
--

COPY public.django_session (session_key, session_data, expire_date) FROM stdin;
ovxg5tf5kolrm66xg0ajpuc8do1t7ju4	.eJxVzDsOwjAQBNC7uEZWLPCPCtFzhmjXu5sYElvKp0LcnURKAd1I82beqoV16dt15qnNpK4Kbt0IedCpjur02yKkF5ed0BNKVzdRlimj3ok-2lk_KvFwP-zfQQ9zv61RCNgzNUEAiSyfL-h8ZLfFhFECWOMiOZtsxGjIeG8liRCHBtEE9fkC3Zk9ig:1vLgBj:JyXxe9acoEAB8z-oBLgyrtVozMy3Xwm_sZsXwHkA1SU	2025-12-03 11:17:27.972442+00
\.


--
-- Data for Name: school_activity; Type: TABLE DATA; Schema: public; Owner: school_user
--

COPY public.school_activity (id, name, description, type, date, attachment, created_at, updated_at, conducted_by_id, class_id_id) FROM stdin;
1	Sample Activity	This is a sample activity for testing purposes	Academic	2025-11-20	\N	2025-11-15 12:12:48.205132+00	2025-11-15 12:12:48.205132+00	principal1@example.com	11
\.


--
-- Data for Name: school_admin; Type: TABLE DATA; Schema: public; Owner: school_user
--

COPY public.school_admin (email_id, fullname, phone, office_address, profile_picture, barcode_url) FROM stdin;
test7@example.com	Test Admin 7	\N	\N	\N	\N
spacing_test@example.com	Spacing Test Admin	\N	\N	\N	\N
admin1@example.com	MANI			\N	\N
\.


--
-- Data for Name: school_assignment; Type: TABLE DATA; Schema: public; Owner: school_user
--

COPY public.school_assignment (id, title, description, due_date, attachment, created_at, updated_at, assigned_by_id, subject_id, status, class_id_id, student_submission) FROM stdin;
1	Assignment for Mathematics	Assignment description for Mathematics	2025-11-22	https://example.com/assignment.pdf	2025-11-15 12:11:09.381819+00	2025-11-15 12:11:09.381819+00	parent1@example.com	1	Assigned	18	\N
3	Assignment for English	Assignment description for English	2025-11-22	https://example.com/assignment.pdf	2025-11-15 12:11:09.794742+00	2025-11-15 12:11:09.794742+00	admin1@example.com	3	Assigned	5	\N
2	Assignment for Science	Assignment description for Science	2025-11-22	https://example.com/assignment.pdf	2025-11-15 12:11:09.574067+00	2025-11-15 12:11:09.574067+00	student1@example.com	2	Pending	1	\N
\.


--
-- Data for Name: school_attendance; Type: TABLE DATA; Schema: public; Owner: school_user
--

COPY public.school_attendance (id, date, status, remarks, check_in, check_out, user_id, role) FROM stdin;
16	2025-11-20	Present	\N	12:10:48.54257	\N	teacher1@example.com	Teacher
\.


--
-- Data for Name: school_award; Type: TABLE DATA; Schema: public; Owner: school_user
--

COPY public.school_award (id, title, description, photo, created_at, email_id) FROM stdin;
1	Academic Excellence Award	Awarded for outstanding academic performance	https://example.com/award.jpg	2025-11-15 12:12:46.565805+00	student1@example.com
2	Academic Excellence Award	Awarded for outstanding academic performance	https://example.com/award.jpg	2025-11-15 12:12:46.770456+00	student2@example.com
\.


--
-- Data for Name: school_class; Type: TABLE DATA; Schema: public; Owner: school_user
--

COPY public.school_class (id, class_name, sec, created_at, updated_at, class_teacher_id) FROM stdin;
3	2nd Grade	A	2025-11-15 12:03:21.91736+00	2025-11-15 12:03:21.91736+00	\N
4	2nd Grade	B	2025-11-15 12:03:22.424113+00	2025-11-15 12:03:22.424113+00	\N
5	3rd Grade	A	2025-11-15 12:03:22.640523+00	2025-11-15 12:03:22.640523+00	\N
6	3rd Grade	B	2025-11-15 12:03:22.846324+00	2025-11-15 12:03:22.846324+00	\N
7	4th Grade	A	2025-11-15 12:03:23.051582+00	2025-11-15 12:03:23.051582+00	\N
8	4th Grade	B	2025-11-15 12:03:23.252672+00	2025-11-15 12:03:23.252672+00	\N
9	5th Grade	A	2025-11-15 12:03:23.457683+00	2025-11-15 12:03:23.457683+00	\N
10	5th Grade	B	2025-11-15 12:03:23.665637+00	2025-11-15 12:03:23.665637+00	\N
11	6th Grade	A	2025-11-15 12:03:23.870238+00	2025-11-15 12:03:23.870238+00	\N
12	6th Grade	B	2025-11-15 12:03:24.074349+00	2025-11-15 12:03:24.074349+00	\N
13	7th Grade	A	2025-11-15 12:03:24.274615+00	2025-11-15 12:03:24.274615+00	\N
14	7th Grade	B	2025-11-15 12:03:24.483114+00	2025-11-15 12:03:24.483114+00	\N
15	8th Grade	A	2025-11-15 12:03:24.690461+00	2025-11-15 12:03:24.690461+00	\N
16	8th Grade	B	2025-11-15 12:03:24.893566+00	2025-11-15 12:03:24.893566+00	\N
17	9th Grade	A	2025-11-15 12:03:25.090401+00	2025-11-15 12:03:25.090401+00	\N
18	9th Grade	B	2025-11-15 12:03:25.301306+00	2025-11-15 12:03:25.301306+00	\N
19	10th Grade	A	2025-11-15 12:03:25.507108+00	2025-11-15 12:03:25.507108+00	\N
20	10th Grade	B	2025-11-15 12:03:25.709743+00	2025-11-15 12:03:25.709743+00	\N
1	1st Grade	A	2025-11-15 12:03:21.513207+00	2025-11-15 12:12:40.627721+00	teacher1@example.com
2	1st Grade	B	2025-11-15 12:03:21.718872+00	2025-11-15 12:12:40.694708+00	teacher1@example.com
\.


--
-- Data for Name: school_department; Type: TABLE DATA; Schema: public; Owner: school_user
--

COPY public.school_department (id, department_name, description, created_at, updated_at) FROM stdin;
1	Mathematics	Department of Mathematics	2025-11-15 12:03:20.184855+00	2025-11-15 12:03:20.184855+00
2	Science	Department of Science	2025-11-15 12:03:20.385656+00	2025-11-15 12:03:20.385656+00
3	English	Department of English	2025-11-15 12:03:20.666033+00	2025-11-15 12:03:20.666033+00
4	History	Department of History	2025-11-15 12:03:20.867917+00	2025-11-15 12:03:20.867917+00
5	Art	Department of Art	2025-11-15 12:03:21.075498+00	2025-11-15 12:03:21.075498+00
6	Physical Education	Department of Physical Education	2025-11-15 12:03:21.281775+00	2025-11-15 12:03:21.281775+00
\.


--
-- Data for Name: school_document; Type: TABLE DATA; Schema: public; Owner: school_user
--

COPY public.school_document (id, tenth, twelth, degree, masters, marks_card, certificates, award, resume, id_proof, admit_card, conduct_certificate, fee_receipt, student_id_card, achievement_crt, bonafide_crt, uploaded_at, email_id, study_certificate, transfer_certificate) FROM stdin;
1	https://example.com/tenth.pdf	https://example.com/twelth.pdf	https://example.com/degree.pdf	\N	https://example.com/marks_card.pdf	https://example.com/certificates.pdf	\N	\N	\N	\N	\N	\N	\N	\N	\N	2025-11-15 12:11:12.317706+00	student1@example.com	\N	\N
2	https://example.com/tenth.pdf	https://example.com/twelth.pdf	https://example.com/degree.pdf	\N	https://example.com/marks_card.pdf	https://example.com/certificates.pdf	\N	\N	\N	\N	\N	\N	\N	\N	\N	2025-11-15 12:11:12.542598+00	student2@example.com	\N	\N
\.


--
-- Data for Name: school_feepayment; Type: TABLE DATA; Schema: public; Owner: school_user
--

COPY public.school_feepayment (id, amount_paid, payment_date, payment_method, transaction_id, status, remarks, created_at, updated_at, fee_structure_id, student_id, remaining_amount, total_amount) FROM stdin;
1	2500.00	2025-11-15	Cash	\N	Paid	First installment	2025-11-15 12:11:07.95071+00	2025-11-15 12:11:07.95071+00	1	student1@example.com	2500.00	5000.00
2	2500.00	2025-11-15	Cash	\N	Paid	First installment	2025-11-15 12:11:08.360517+00	2025-11-15 12:11:08.360517+00	2	student1@example.com	2500.00	5000.00
3	2500.00	2025-11-15	Cash	\N	Paid	First installment	2025-11-15 12:11:08.843591+00	2025-11-15 12:11:08.843591+00	1	student2@example.com	2500.00	5000.00
4	2500.00	2025-11-15	Cash	\N	Paid	First installment	2025-11-15 12:11:09.250337+00	2025-11-15 12:11:09.250337+00	2	student2@example.com	2500.00	5000.00
\.


--
-- Data for Name: school_feestructure; Type: TABLE DATA; Schema: public; Owner: school_user
--

COPY public.school_feestructure (id, fee_type, amount, frequency, description, created_at, updated_at, class_id_id) FROM stdin;
1	Tuition	5000.00	Monthly	Tuition fee for 1st Grade A	2025-11-15 12:03:40.451669+00	2025-11-15 12:03:40.451669+00	1
2	Tuition	5000.00	Monthly	Tuition fee for 1st Grade B	2025-11-15 12:11:07.231564+00	2025-11-15 12:11:07.231564+00	2
3	Tuition	5000.00	Monthly	Tuition fee for 2nd Grade A	2025-11-15 12:11:07.442573+00	2025-11-15 12:11:07.442573+00	3
\.


--
-- Data for Name: school_financetransaction; Type: TABLE DATA; Schema: public; Owner: school_user
--

COPY public.school_financetransaction (id, date, amount, type, category, description, reference_id, created_at, updated_at, recorded_by_id) FROM stdin;
1	2025-11-15	5000.00	Income	Tuition	Tuition fee collection	TXN001	2025-11-15 12:12:48.611298+00	2025-11-15 12:12:48.611298+00	parent1@example.com
\.


--
-- Data for Name: school_formermember; Type: TABLE DATA; Schema: public; Owner: school_user
--

COPY public.school_formermember (email, fullname, role, phone, date_of_birth, gender, student_id, teacher_id, admission_date, date_joined, class_name, department_name, designation, qualification, experience_years, residential_address, office_address, emergency_contact_name, emergency_contact_relationship, emergency_contact_no, nationality, blood_group, profile_picture, occupation, bio, left_date, reason) FROM stdin;
\.


--
-- Data for Name: school_grade; Type: TABLE DATA; Schema: public; Owner: school_user
--

COPY public.school_grade (id, exam_type, marks_obtained, total_marks, exam_date, remarks, created_at, updated_at, subject_id, student_id, teacher_id) FROM stdin;
1	Midterm	93.00	100.00	2025-11-05	Good performance	2025-11-15 12:03:39.201048+00	2025-11-15 12:03:39.201048+00	1	student1@example.com	\N
2	Midterm	81.00	100.00	2025-11-05	Good performance	2025-11-15 12:03:39.400113+00	2025-11-15 12:03:39.400113+00	2	student1@example.com	\N
3	Midterm	75.00	100.00	2025-11-05	Good performance	2025-11-15 12:03:39.605203+00	2025-11-15 12:03:39.605203+00	3	student1@example.com	\N
4	Midterm	88.00	100.00	2025-11-05	Good performance	2025-11-15 12:03:39.815808+00	2025-11-15 12:03:39.815808+00	1	student2@example.com	\N
5	Midterm	77.00	100.00	2025-11-05	Good performance	2025-11-15 12:03:40.016601+00	2025-11-15 12:03:40.016601+00	2	student2@example.com	\N
6	Midterm	76.00	100.00	2025-11-05	Good performance	2025-11-15 12:03:40.219267+00	2025-11-15 12:03:40.219267+00	3	student2@example.com	\N
\.


--
-- Data for Name: school_holiday; Type: TABLE DATA; Schema: public; Owner: school_user
--

COPY public.school_holiday (id, name, date, type, country, year, month, weekday) FROM stdin;
2	New Years Day	2025-01-01	Observance	India	2025	1	Wednesday
3	Makar Sankranti / Pongal / Magh Bihu	2025-01-14	Harvest Festival	India	2025	1	Tuesday
4	Republic Day	2025-01-26	National Holiday	India	2025	1	Sunday
5	Maha Shivaratri	2025-02-26	Festival	India	2025	2	Wednesday
6	Holi	2025-03-14	Festival	India	2025	3	Friday
7	Ugadi / Gudi Padwa / Cheti Chand	2025-03-30	Regional Festival	India	2025	3	Sunday
8	Ram Navami	2025-04-06	Jayanti/Festival	India	2025	4	Sunday
9	Independence Day	2025-08-15	National Holiday	India	2025	8	Friday
10	Krishna Janmashtami	2025-08-16	Jayanti/Festival	India	2025	8	Saturday
11	Ganesh Chaturthi/Vinayaka Chaturthi	2025-08-27	Regional Festival	India	2025	8	Wednesday
12	Mahatma Gandhi Jayanti	2025-10-02	National Holiday	India	2025	10	Thursday
13	Diwali (Deepavali)	2025-10-20	Festival	India	2025	10	Monday
15	Christmas Day	2025-12-25	Government Holiday	India	2025	12	Thursday
16	New Years Day	2026-01-01	Observance/Restricted	India	2026	1	Thursday
17	Makar Sankranti / Pongal	2026-01-14	Regional Festival/Restricted	India	2026	1	Wednesday
18	Republic Day	2026-01-26	National Holiday	India	2026	1	Monday
19	Maha Shivaratri	2026-02-15	Festival/Restricted	India	2026	2	Sunday
20	Holi	2026-03-04	Festival/National Holiday	India	2026	3	Wednesday
21	Ram Navami	2026-03-26	Jayanti/Festival	India	2026	3	Thursday
22	Ambedkar Jayanti	2026-04-14	Jayanti	India	2026	4	Tuesday
23	Independence Day	2026-08-15	National Holiday	India	2026	8	Saturday
24	Janmashtami	2026-09-04	Jayanti/Festival	India	2026	9	Friday
25	Ganesh Chaturthi/Vinayaka Chaturthi	2026-09-14	Jayanti/Festival	India	2026	9	Monday
26	Dussehra (Vijaya Dashami)	2026-10-01	Festival/National Holiday	India	2026	10	Thursday
27	Mahanavami	2026-10-02	Festival/National Holiday	India	2026	10	Friday
28	Dussehra (Vijaya Dashami)	2026-10-20	Festival/National Holiday	India	2026	10	Tuesday
29	Diwali (Deepavali)	2026-11-08	Festival/National Holiday	India	2026	11	Sunday
30	Christmas Day	2026-12-25	National Holiday	India	2026	12	Friday
\.


--
-- Data for Name: school_idcard; Type: TABLE DATA; Schema: public; Owner: school_user
--

COPY public.school_idcard (id, id_card_url, created_at, updated_at, user_id) FROM stdin;
32	https://minio.globaltechsoftwaresolutions.cloud:9000/school-media/id_cards/abhimangalur2_gmail_com.pdf	2025-11-20 08:54:32.751778+00	2025-11-20 08:54:36.0281+00	abhimangalur2@gmail.com
33	https://minio.globaltechsoftwaresolutions.cloud:9000/school-media/id_cards/teacher1_example_com.pdf	2025-11-20 11:31:49.303912+00	2025-11-20 11:31:49.773875+00	teacher1@example.com
\.


--
-- Data for Name: school_issues; Type: TABLE DATA; Schema: public; Owner: school_user
--

COPY public.school_issues (id, subject, status, description, priority, created_at, updated_at, closed_description, closed_by_id, closed_to_id, raised_by_id, raised_to_id) FROM stdin;
1	Sample Issue	Open	This is a sample issue for testing purposes	Medium	2025-11-15 12:12:46.977321+00	2025-11-15 12:12:46.977321+00	\N	\N	\N	teacher1@example.com	teacher1@example.com
\.


--
-- Data for Name: school_leave; Type: TABLE DATA; Schema: public; Owner: school_user
--

COPY public.school_leave (id, leave_type, start_date, end_date, reason, status, created_at, updated_at, applicant_id, approved_by_id) FROM stdin;
1	Casual	2025-11-25	2025-11-27	Personal work	Pending	2025-11-15 12:12:47.385738+00	2025-11-15 12:12:47.385738+00	teacher1@example.com	\N
\.


--
-- Data for Name: school_management; Type: TABLE DATA; Schema: public; Owner: school_user
--

COPY public.school_management (email_id, fullname, phone, designation, date_of_birth, date_joined, profile_picture, office_address, department_id, barcode_url) FROM stdin;
test9@example.com		\N	\N	\N	\N	\N	\N	\N	\N
border_test@example.com	Border Test Management	\N	\N	\N	\N	https://placehold.co/110x110.png	\N	\N	\N
management1@example.com	GLOBALTECH SOFTWARE SOLUTIONS	08495862494	lkjhgfd	\N	\N	https://minio.globaltechsoftwaresolutions.cloud:9000/school-media/images/management1/profile.jpg	\N	\N	\N
\.


--
-- Data for Name: school_notice; Type: TABLE DATA; Schema: public; Owner: school_user
--

COPY public.school_notice (id, title, message, posted_date, valid_until, important, attachment, email_id, notice_by_id, notice_to_id) FROM stdin;
1	School Holiday Notice	This is to inform all students and parents that the school will remain closed on account of the upcoming holiday.	2025-11-15 06:41:12.013067+00	2025-12-15 06:41:12.013067+00	t	https://example.com/notice.pdf	student1@example.com	teacher1@example.com	\N
\.


--
-- Data for Name: school_parent; Type: TABLE DATA; Schema: public; Owner: school_user
--

COPY public.school_parent (email_id, fullname, phone, occupation, residential_address, profile_picture, relationship_to_student) FROM stdin;
abhishek@globaltechsoftwaresolutions.com		\N	\N	\N	\N	\N
parent1@example.com	GLOBALTECH SOFTWARE SOLUTIONS	08495862494	farmer	10 4th floor Gaduniya complex Vidyaranyapura	https://minio.globaltechsoftwaresolutions.cloud:9000/school-media/images/parent1/profile.jpg	dad
\.


--
-- Data for Name: school_principal; Type: TABLE DATA; Schema: public; Owner: school_user
--

COPY public.school_principal (email_id, fullname, phone, date_of_birth, date_joined, qualification, total_experience, bio, profile_picture, office_address, barcode_url) FROM stdin;
principal1@example.com	Reddy	08495862494	\N	\N		\N		https://minio.globaltechsoftwaresolutions.cloud:9000/school-media/images/principal1/profile.jpg	10 4th floor Gaduniya complex Vidyaranyapura	\N
test8@example.com	Test Principal 8	9876543213	2025-11-13	2025-11-20	BCA	10.0	Hello World	https://minio.globaltechsoftwaresolutions.cloud:9000/school-media/images/test8/profile.jpg	NO 10 GADUNIYA COMPLEX RAMAIAH LAYOUT, VIDYARANYAPURA	\N
\.


--
-- Data for Name: school_program; Type: TABLE DATA; Schema: public; Owner: school_user
--

COPY public.school_program (id, name, description, start_date, end_date, status, created_at, updated_at, coordinator_id) FROM stdin;
1	Sample Program	This is a sample program for testing purposes	2025-11-15	2026-01-14	Active	2025-11-15 12:12:47.99569+00	2025-11-15 12:12:47.99569+00	parent1@example.com
\.


--
-- Data for Name: school_project; Type: TABLE DATA; Schema: public; Owner: school_user
--

COPY public.school_project (id, title, description, start_date, end_date, status, attachment, created_at, updated_at, owner_id, class_id_id) FROM stdin;
1	Sample Project	This is a sample project for testing purposes	2025-11-15	2025-12-15	Planned	\N	2025-11-15 12:12:47.796117+00	2025-11-15 12:12:47.796117+00	parent1@example.com	13
\.


--
-- Data for Name: school_report; Type: TABLE DATA; Schema: public; Owner: school_user
--

COPY public.school_report (id, title, description, report_type, file_url, created_at, updated_at, created_by_id, student_id, teacher_id) FROM stdin;
1	Sample Report	This is a sample report for testing purposes	General	\N	2025-11-15 12:12:48.40592+00	2025-11-15 12:12:48.40592+00	student1@example.com	student2@example.com	teacher2@example.com
\.


--
-- Data for Name: school_student; Type: TABLE DATA; Schema: public; Owner: school_user
--

COPY public.school_student (email_id, fullname, student_id, phone, date_of_birth, gender, admission_date, profile_picture, residential_address, emergency_contact_name, emergency_contact_relationship, emergency_contact_no, nationality, blood_group, parent_id, father_name, mother_name, class_id_id) FROM stdin;
test4@example.com	Test Student 4	STD004	\N	\N	\N	\N	\N	\N	\N	\N	\N	\N	\N	\N	\N	\N	\N
test6@example.com	Test Student 6	STD006	\N	\N	\N	\N	\N	\N	\N	\N	\N	\N	\N	\N	\N	\N	\N
pdf_test@example.com	PDF Test Student	PDF001	\N	\N	\N	\N	\N	\N	\N	\N	\N	\N	\N	\N	\N	\N	\N
no_box_test@example.com	No Box Test Student	NOBOX001	\N	\N	\N	\N	\N	\N	\N	\N	\N	\N	\N	\N	\N	\N	\N
reddyfakie@gmail.com		\N	\N	\N	\N	\N	\N	\N	\N	\N	\N	\N	\N	\N	\N	\N	\N
student1@example.com	NENU	STD001	987654321	2004-05-12	Male	\N	\N	10 4th floor Gaduniya complex Vidyaranyapura	nnnn	dad	987654321	india	A+	abhishek@globaltechsoftwaresolutions.com	DAD	MOM	3
student2@example.com		\N	\N	\N	\N	\N	https://minio.globaltechsoftwaresolutions.cloud:9000/school-media/images/student2/profile.jpg	\N	\N	\N	\N	\N	\N	parent1@example.com	\N	\N	\N
abhimangalur2@gmail.com	mani	\N	\N	\N	\N	\N	https://minio.globaltechsoftwaresolutions.cloud:9000/school-media/images/abhimangalur2/profile.jpg	\N	\N	\N	\N	\N	\N	abhishek@globaltechsoftwaresolutions.com	\N	\N	\N
\.


--
-- Data for Name: school_studentattendance; Type: TABLE DATA; Schema: public; Owner: school_user
--

COPY public.school_studentattendance (id, date, status, created_time, class_id_id, student_id, subject_id, teacher_id) FROM stdin;
1	2025-11-15	Late	2025-11-15 12:03:36.027321+00	1	student1@example.com	1	teacher2@example.com
2	2025-11-15	Absent	2025-11-15 12:03:36.873569+00	1	student1@example.com	2	teacher2@example.com
4	2025-11-15	Present	2025-11-15 12:03:38.612571+00	1	student2@example.com	2	teacher1@example.com
3	2025-11-15	Absent	2025-11-15 12:03:37.767138+00	1	student2@example.com	1	teacher1@example.com
8	2025-11-18	Present	2025-11-18 09:39:19.76017+00	1	student1@example.com	1	teacher1@example.com
\.


--
-- Data for Name: school_subject; Type: TABLE DATA; Schema: public; Owner: school_user
--

COPY public.school_subject (id, subject_name, subject_code, description, created_at, updated_at) FROM stdin;
1	Mathematics	MATH101	Subject of Mathematics	2025-11-15 12:03:25.91538+00	2025-11-15 12:03:25.91538+00
2	Science	SCI101	Subject of Science	2025-11-15 12:03:26.123718+00	2025-11-15 12:03:26.123718+00
3	English	ENG101	Subject of English	2025-11-15 12:03:26.327621+00	2025-11-15 12:03:26.327621+00
4	History	HIST101	Subject of History	2025-11-15 12:03:26.5321+00	2025-11-15 12:03:26.5321+00
5	Art	ART101	Subject of Art	2025-11-15 12:03:26.735706+00	2025-11-15 12:03:26.735706+00
6	Physical Education	PE101	Subject of Physical Education	2025-11-15 12:03:26.941647+00	2025-11-15 12:03:26.941647+00
7	Physics	PHY101	Subject of Physics	2025-11-15 12:03:27.149066+00	2025-11-15 12:03:27.149066+00
8	Chemistry	CHEM101	Subject of Chemistry	2025-11-15 12:03:27.351324+00	2025-11-15 12:03:27.351324+00
9	Biology	BIO101	Subject of Biology	2025-11-15 12:03:27.55702+00	2025-11-15 12:03:27.55702+00
\.


--
-- Data for Name: school_submittedassignment; Type: TABLE DATA; Schema: public; Owner: school_user
--

COPY public.school_submittedassignment (id, submission_file, submission_date, grade, feedback, is_late, assignment_id, student_id) FROM stdin;
1	https://example.com/submitted_assignment.pdf	2025-11-15 12:11:10.067613+00	82.00	Good work!	f	3	student1@example.com
2	https://example.com/submitted_assignment.pdf	2025-11-15 12:11:10.273358+00	80.00	Good work!	f	3	student2@example.com
3	https://example.com/submitted_assignment.pdf	2025-11-15 12:11:10.481693+00	76.00	Good work!	f	2	student1@example.com
4	https://example.com/submitted_assignment.pdf	2025-11-15 12:11:10.680359+00	75.00	Good work!	f	2	student2@example.com
\.


--
-- Data for Name: school_task; Type: TABLE DATA; Schema: public; Owner: school_user
--

COPY public.school_task (id, title, description, status, priority, due_date, completed_at, created_at, updated_at, assigned_to_id, created_by_id) FROM stdin;
1	Sample Task	This is a sample task for testing purposes	Todo	Medium	2025-11-22	\N	2025-11-15 12:12:47.58733+00	2025-11-15 12:12:47.58733+00	admin1@example.com	teacher1@example.com
\.


--
-- Data for Name: school_teacher; Type: TABLE DATA; Schema: public; Owner: school_user
--

COPY public.school_teacher (email_id, fullname, teacher_id, phone, date_of_birth, gender, date_joined, qualification, experience_years, profile_picture, residential_address, emergency_contact_name, emergency_contact_relationship, emergency_contact_no, nationality, blood_group, department_id, class_id_id, is_classteacher, sec, barcode_url) FROM stdin;
test@example.com		\N	\N	\N	\N	\N	\N	\N	\N	\N	\N	\N	\N	\N	\N	\N	\N	f	\N	\N
test2@example.com		\N	\N	\N	\N	\N	\N	\N	\N	\N	\N	\N	\N	\N	\N	\N	\N	f	\N	\N
test3@example.com	Test Teacher 3	TCH003	\N	\N	\N	\N	\N	\N	\N	\N	\N	\N	\N	\N	\N	\N	\N	f	\N	\N
test5@example.com	Test Teacher 5	TCH005	\N	\N	\N	\N	\N	\N	\N	\N	\N	\N	\N	\N	\N	\N	\N	f	\N	\N
test_final@example.com	Final Test Teacher	TCH999	\N	\N	\N	\N	\N	\N	\N	\N	\N	\N	\N	\N	\N	\N	\N	f	\N	\N
no_email_test@example.com	No Email Test Teacher	NOEMAIL001	\N	\N	\N	\N	\N	\N	\N	\N	\N	\N	\N	\N	\N	\N	\N	f	\N	\N
teacher2@example.com		\N	\N	\N	\N	\N	\N	\N	\N	\N	\N	\N	\N	\N	\N	\N	\N	f	\N	\N
a@gmail.com		\N	\N	\N	\N	\N	\N	\N	\N	\N	\N	\N	\N	\N	\N	\N	\N	f	\N	\N
teacher1@example.com	pavan	t001	\N	\N	\N	\N	\N	5.0	https://minio.globaltechsoftwaresolutions.cloud:9000/school-media/images/t001/profile.jpg		\N	\N	\N	\N	\N	1	3	f	A	https://minio.globaltechsoftwaresolutions.cloud:9000/school-media/barcodes/teacher1@example.com.png
\.


--
-- Data for Name: school_teacher_subjects; Type: TABLE DATA; Schema: public; Owner: school_user
--

COPY public.school_teacher_subjects (id, teacher_id, subject_id) FROM stdin;
3	teacher2@example.com	2
2	teacher1@example.com	1
4	teacher2@example.com	3
\.


--
-- Data for Name: school_timetable; Type: TABLE DATA; Schema: public; Owner: school_user
--

COPY public.school_timetable (id, day_of_week, start_time, end_time, room_number, created_at, updated_at, subject_id, teacher_id, class_id_id) FROM stdin;
1	Friday	09:00:10.821897	10:00:10.821897	Room 101	2025-11-15 12:11:10.884904+00	2025-11-15 12:11:10.884904+00	1	teacher1@example.com	1
2	Monday	09:00:11.013678	10:00:11.013678	Room 102	2025-11-15 12:11:11.090994+00	2025-11-15 12:11:11.090994+00	2	teacher1@example.com	1
3	Monday	09:00:11.238452	10:00:11.238452	Room 109	2025-11-15 12:11:11.300181+00	2025-11-15 12:11:11.300181+00	3	teacher1@example.com	1
4	Monday	09:00:11.435057	10:00:11.435057	Room 109	2025-11-15 12:11:11.503795+00	2025-11-15 12:11:11.503795+00	1	teacher2@example.com	2
5	Tuesday	09:00:11.604497	10:00:11.604497	Room 107	2025-11-15 12:11:11.640684+00	2025-11-15 12:11:11.640684+00	2	teacher2@example.com	2
6	Friday	09:00:11.809402	10:00:11.809402	Room 104	2025-11-15 12:11:11.838793+00	2025-11-15 12:11:11.838793+00	3	teacher2@example.com	2
7	Monday	09:00:45.129125	10:00:45.129125	Room 103	2025-11-15 12:12:45.199329+00	2025-11-15 12:12:45.199329+00	1	teacher2@example.com	1
8	Tuesday	09:00:45.337413	10:00:45.337413	Room 107	2025-11-15 12:12:45.406334+00	2025-11-15 12:12:45.406334+00	2	teacher1@example.com	1
9	Wednesday	09:00:45.5411	10:00:45.5411	Room 109	2025-11-15 12:12:45.610877+00	2025-11-15 12:12:45.610877+00	3	teacher2@example.com	1
10	Thursday	09:00:45.815688	10:00:45.815688	Room 108	2025-11-15 12:12:45.847159+00	2025-11-15 12:12:45.847159+00	2	teacher1@example.com	2
11	Tuesday	09:00:46.019601	10:00:46.019601	Room 105	2025-11-15 12:12:46.05234+00	2025-11-15 12:12:46.05234+00	3	teacher2@example.com	2
12	Thursday	10:00:00	11:00:00	102	2025-11-15 08:46:42.339471+00	2025-11-15 08:46:42.340008+00	4	teacher1@example.com	2
13	Monday	09:00:00	10:00:00	121	2025-11-15 09:42:59.936486+00	2025-11-15 09:42:59.936507+00	3	teacher2@example.com	18
\.


--
-- Data for Name: school_transportdetails; Type: TABLE DATA; Schema: public; Owner: school_user
--

COPY public.school_transportdetails (id, route_name, bus_number, pickup_point, drop_point, driver_name, driver_phone, transport_fee, is_active, created_at, updated_at, user_id) FROM stdin;
1	Route 3	BUS431	Pickup Point 5	Drop Point 7	Driver 3	+12345678952	2000.00	t	2025-11-15 12:12:48.819645+00	2025-11-15 12:12:48.819645+00	student1@example.com
2	Route 5	BUS681	Pickup Point 2	Drop Point 3	Driver 4	+12345678933	2000.00	t	2025-11-15 12:12:49.020688+00	2025-11-15 12:12:49.020688+00	student2@example.com
\.


--
-- Data for Name: school_user; Type: TABLE DATA; Schema: public; Owner: school_user
--

COPY public.school_user (password, last_login, is_superuser, email, role, is_active, is_staff, is_approved, created_at, updated_at) FROM stdin;
pbkdf2_sha256$1000000$VAEifq25IB8sPr2tosNz1v$+KD1Ct+tywHa3IvvnjBIbc05jYplozwPDNLj1nqz6Sw=	\N	f	student1@example.com	Student	t	f	t	2025-11-15 12:03:27.761524+00	2025-11-15 12:03:28.384441+00
pbkdf2_sha256$1000000$RDVpbfdGRMBQ4fUHAjxx5c$h5f99VrKIEztruChz9ghZSJ+FyviQKDaA/zW4f9RWS8=	\N	f	student2@example.com	Student	t	f	t	2025-11-15 12:03:28.551815+00	2025-11-15 12:03:29.124066+00
pbkdf2_sha256$1000000$LL6eYG0uVhdFZ5gRutGc2N$9JAu3uH5XnEDFWfm3+zsjCgdJygDmHdZvv83pKQ25ic=	\N	f	teacher1@example.com	Teacher	t	f	t	2025-11-15 12:03:29.266771+00	2025-11-15 12:03:29.801053+00
pbkdf2_sha256$1000000$jOMpEmKbNc7k4vzxR2gQOq$ViEl3pGYG8Q/CXfMSIRs+DD1EjAddo34Xcl8+OSW7yo=	\N	f	teacher2@example.com	Teacher	t	f	t	2025-11-15 12:03:29.909441+00	2025-11-15 12:03:30.498673+00
pbkdf2_sha256$1000000$foQ0ePmnEOuMQUCTTi8e0a$BKeyyUW7Vfp1fTz8atre19HOOzLU1BraTQMvUW/R3Fg=	\N	f	principal1@example.com	Principal	t	t	t	2025-11-15 12:03:30.60004+00	2025-11-15 12:03:31.128129+00
pbkdf2_sha256$1000000$co5bml3fK8ch5FmD0e4UtM$1mB2XNylhczp+etizkYrtEXuoq3y2zUwJCJ0qmgwEOM=	\N	f	management1@example.com	Management	t	t	t	2025-11-15 12:03:31.240984+00	2025-11-15 12:03:31.799117+00
pbkdf2_sha256$1000000$fIGMfxmtCcrpKBzi4EgnAl$WObOuLQPUx5WUBRux73oNZ0RiDgQrtdJwPF/+1gQA4g=	\N	f	admin1@example.com	Admin	t	t	t	2025-11-15 12:03:31.929851+00	2025-11-15 12:03:32.440179+00
pbkdf2_sha256$1000000$uWgiGfFP81Eli1sDviM12K$/7VZJITvh78hDo4X4RHdPEJ95xFcKGVB5ck5o4KLdmI=	\N	f	parent1@example.com	Parent	t	f	t	2025-11-15 12:03:32.544106+00	2025-11-15 12:03:33.04487+00
pbkdf2_sha256$1000000$lmNTzV9BIVvOsmSQiAOapp$fpVJwFMuMbq2FIMCkh5niphI30UzFiqitzS0HkXNyMk=	\N	f	test@example.com	Teacher	t	f	t	2025-11-15 16:02:06.489532+00	2025-11-15 16:03:13.155221+00
pbkdf2_sha256$1000000$OOmx7ph3dG7u8ti8EUWolk$r0Hn7+iQMtd119wArGOs6NV95WWn9RhMgUqmbz+7CyQ=	\N	f	test2@example.com	Teacher	t	f	t	2025-11-15 16:39:56.26518+00	2025-11-15 16:40:40.302641+00
pbkdf2_sha256$1000000$zcZGQq8HI8q4d0zOXq7eXt$WHQpR2ZrYcKHXVwoWPNI92C+JTaDTvZOvNuXCdDICHk=	\N	f	test3@example.com	Teacher	t	f	t	2025-11-15 16:51:03.915695+00	2025-11-15 16:51:19.998733+00
pbkdf2_sha256$1000000$90HPFUqzVM6W6suaPXzPTT$kY9mYu5JwlgVQBlZtZmXI/eckA2GhdMujhbHvT4SumQ=	\N	f	test4@example.com	Student	t	f	t	2025-11-15 16:54:07.216498+00	2025-11-15 16:54:31.154908+00
pbkdf2_sha256$1000000$iYbFbEGIo5ECpTfK9r2UDi$EgImYQJZcVxDBwWbAxgawVsC9vklkZP3NJ9SickBQfQ=	\N	f	test5@example.com	Teacher	t	f	t	2025-11-15 17:12:09.081064+00	2025-11-15 17:12:21.490292+00
pbkdf2_sha256$1000000$cnPRhblL8pR4LKKcWzIi4M$5NAtQxxBCUA9jVZ8hJo1ERJ/4VqfjRLVHJbrOs/Bh08=	\N	f	test6@example.com	Student	t	f	t	2025-11-15 17:17:44.870391+00	2025-11-15 17:18:39.008999+00
pbkdf2_sha256$1000000$95zkbJgtK0SIztftXFLgH5$Fg15xCFrozXdiRWTTQgzQosx87pM9NGKLuytdCnTz2k=	\N	f	test7@example.com	Admin	t	f	t	2025-11-15 17:23:33.552559+00	2025-11-15 17:23:49.803378+00
pbkdf2_sha256$1000000$neELWJC43fOkcxqvU3sXBu$jjiOXe02vcGjz64y5SURO/bttLXJas3qhfm+vaj3JVU=	\N	f	test8@example.com	Principal	t	f	t	2025-11-15 17:30:53.055697+00	2025-11-15 17:31:25.132262+00
pbkdf2_sha256$1000000$sfIwnWkWI68om9U8ZTFBIU$vj4eoprPDmCQLMTQePNoHxwrqNEycQsT9fhmDue1B4Q=	\N	f	test9@example.com	Management	t	f	t	2025-11-15 17:34:30.041298+00	2025-11-15 17:36:37.967366+00
pbkdf2_sha256$1000000$WGUrGIYBeS2XPEUQfVnLfT$41QJtx5mgjwHu6Iri/GPBsZJBcRSAl/9+mfzT1VWN1c=	\N	f	test_final@example.com	Teacher	t	f	t	2025-11-15 17:43:34.105053+00	2025-11-15 17:43:48.71164+00
pbkdf2_sha256$1000000$SnKOX8ae61SnyO76ekRTTu$d8vRfCSiw2Y518wM/xiSVO97DWDxfBxemKRVO02+3lU=	\N	f	pdf_test@example.com	Student	t	f	t	2025-11-18 10:58:00.903303+00	2025-11-18 10:58:16.587626+00
pbkdf2_sha256$1000000$zCGjI0AQrTr9Y91bXSbfA3$++bLqbhFQ6JMar8qxqskKTFkCxmumSZn83D5t8xlbIM=	\N	f	no_email_test@example.com	Teacher	t	f	t	2025-11-18 11:03:05.69224+00	2025-11-18 11:03:40.431407+00
pbkdf2_sha256$1000000$5xN2Ftb8wCU6kBo7cVzMyg$1SkrMMCu1iujcrcPf4HcGmX3oyIc+mHvOuzXq42WYtM=	\N	f	no_box_test@example.com	Student	t	f	t	2025-11-18 11:17:06.746532+00	2025-11-18 11:17:27.844243+00
pbkdf2_sha256$1000000$pJHlVIQMrzDkJrcfvlyBjj$ntbzwGtBvT4qa+zXC8BBdoLS/o5SEWMyZkII7zogOuk=	\N	f	spacing_test@example.com	Admin	t	f	t	2025-11-18 11:28:38.950481+00	2025-11-18 11:28:58.424687+00
pbkdf2_sha256$1000000$OKQJGOm7IrUdkyfiWYdf9f$KX5jjgaDlLO2ygs4To6TykJ3EEy2H4gHxWp3gbsPC58=	\N	f	border_test@example.com	Management	t	f	t	2025-11-18 11:34:28.58262+00	2025-11-18 11:34:42.825461+00
pbkdf2_sha256$1000000$l18f0Lh2b7tcmwTUfh0IXx$z+8xX6ntGJeH1nb8bFeUwFTdQtaL6s3OPQ2UfrEMpfs=	\N	f	abhimangalur2@gmail.com	Student	t	f	t	2025-11-19 05:28:07.568518+00	2025-11-19 05:35:08.651685+00
pbkdf2_sha256$1000000$jtK6P2k4Qs9vRwzT9uoJMq$o1sDSEy/tCmk5zm3COcYYNaqbso1cqlyBHH+MjJA8JI=	\N	f	abhishek@globaltechsoftwaresolutions.com	Parent	t	f	t	2025-11-19 05:53:37.368348+00	2025-11-19 05:53:56.777464+00
pbkdf2_sha256$1000000$SyFpocMHNs3hnHQtwck2OS$Lqwov0Ssr/wnJ6um6hBeVoCLzSOHcwgGShd7QR6R7gE=	\N	f	reddyfakie@gmail.com	Student	t	f	t	2025-11-19 09:46:36.096436+00	2025-11-19 09:46:46.521819+00
pbkdf2_sha256$1000000$V3t3p3L7QibNoDd70PmFMO$uhjGLQ5vUfqRi42UnMa4Xq9cRqM+UCdczV0eE6pmKy4=	2025-11-19 11:17:27.919258+00	t	a@gmail.com	Teacher	t	t	t	2025-11-19 11:16:49.672055+00	2025-11-19 11:16:49.672055+00
\.


--
-- Data for Name: school_user_groups; Type: TABLE DATA; Schema: public; Owner: school_user
--

COPY public.school_user_groups (id, user_id, group_id) FROM stdin;
\.


--
-- Data for Name: school_user_user_permissions; Type: TABLE DATA; Schema: public; Owner: school_user
--

COPY public.school_user_user_permissions (id, user_id, permission_id) FROM stdin;
\.


--
-- Name: auth_group_id_seq; Type: SEQUENCE SET; Schema: public; Owner: school_user
--

SELECT pg_catalog.setval('public.auth_group_id_seq', 1, false);


--
-- Name: auth_group_permissions_id_seq; Type: SEQUENCE SET; Schema: public; Owner: school_user
--

SELECT pg_catalog.setval('public.auth_group_permissions_id_seq', 1, false);


--
-- Name: auth_permission_id_seq; Type: SEQUENCE SET; Schema: public; Owner: school_user
--

SELECT pg_catalog.setval('public.auth_permission_id_seq', 152, true);


--
-- Name: django_admin_log_id_seq; Type: SEQUENCE SET; Schema: public; Owner: school_user
--

SELECT pg_catalog.setval('public.django_admin_log_id_seq', 1, true);


--
-- Name: django_content_type_id_seq; Type: SEQUENCE SET; Schema: public; Owner: school_user
--

SELECT pg_catalog.setval('public.django_content_type_id_seq', 38, true);


--
-- Name: django_migrations_id_seq; Type: SEQUENCE SET; Schema: public; Owner: school_user
--

SELECT pg_catalog.setval('public.django_migrations_id_seq', 73, true);


--
-- Name: issues_id_seq; Type: SEQUENCE SET; Schema: public; Owner: school_user
--

SELECT pg_catalog.setval('public.issues_id_seq', 1, true);


--
-- Name: school_activity_id_seq; Type: SEQUENCE SET; Schema: public; Owner: school_user
--

SELECT pg_catalog.setval('public.school_activity_id_seq', 1, true);


--
-- Name: school_assignment_id_seq; Type: SEQUENCE SET; Schema: public; Owner: school_user
--

SELECT pg_catalog.setval('public.school_assignment_id_seq', 3, true);


--
-- Name: school_attendance_id_seq; Type: SEQUENCE SET; Schema: public; Owner: school_user
--

SELECT pg_catalog.setval('public.school_attendance_id_seq', 16, true);


--
-- Name: school_award_id_seq; Type: SEQUENCE SET; Schema: public; Owner: school_user
--

SELECT pg_catalog.setval('public.school_award_id_seq', 2, true);


--
-- Name: school_class_id_seq; Type: SEQUENCE SET; Schema: public; Owner: school_user
--

SELECT pg_catalog.setval('public.school_class_id_seq', 20, true);


--
-- Name: school_department_id_seq; Type: SEQUENCE SET; Schema: public; Owner: school_user
--

SELECT pg_catalog.setval('public.school_department_id_seq', 6, true);


--
-- Name: school_document_id_seq; Type: SEQUENCE SET; Schema: public; Owner: school_user
--

SELECT pg_catalog.setval('public.school_document_id_seq', 2, true);


--
-- Name: school_feepayment_id_seq; Type: SEQUENCE SET; Schema: public; Owner: school_user
--

SELECT pg_catalog.setval('public.school_feepayment_id_seq', 4, true);


--
-- Name: school_feestructure_id_seq; Type: SEQUENCE SET; Schema: public; Owner: school_user
--

SELECT pg_catalog.setval('public.school_feestructure_id_seq', 3, true);


--
-- Name: school_financetransaction_id_seq; Type: SEQUENCE SET; Schema: public; Owner: school_user
--

SELECT pg_catalog.setval('public.school_financetransaction_id_seq', 1, true);


--
-- Name: school_grade_id_seq; Type: SEQUENCE SET; Schema: public; Owner: school_user
--

SELECT pg_catalog.setval('public.school_grade_id_seq', 6, true);


--
-- Name: school_holiday_id_seq; Type: SEQUENCE SET; Schema: public; Owner: school_user
--

SELECT pg_catalog.setval('public.school_holiday_id_seq', 30, true);


--
-- Name: school_idcard_id_seq; Type: SEQUENCE SET; Schema: public; Owner: school_user
--

SELECT pg_catalog.setval('public.school_idcard_id_seq', 33, true);


--
-- Name: school_leave_id_seq; Type: SEQUENCE SET; Schema: public; Owner: school_user
--

SELECT pg_catalog.setval('public.school_leave_id_seq', 1, true);


--
-- Name: school_notice_id_seq; Type: SEQUENCE SET; Schema: public; Owner: school_user
--

SELECT pg_catalog.setval('public.school_notice_id_seq', 1, true);


--
-- Name: school_program_id_seq; Type: SEQUENCE SET; Schema: public; Owner: school_user
--

SELECT pg_catalog.setval('public.school_program_id_seq', 1, true);


--
-- Name: school_project_id_seq; Type: SEQUENCE SET; Schema: public; Owner: school_user
--

SELECT pg_catalog.setval('public.school_project_id_seq', 1, true);


--
-- Name: school_report_id_seq; Type: SEQUENCE SET; Schema: public; Owner: school_user
--

SELECT pg_catalog.setval('public.school_report_id_seq', 1, true);


--
-- Name: school_studentattendance_id_seq; Type: SEQUENCE SET; Schema: public; Owner: school_user
--

SELECT pg_catalog.setval('public.school_studentattendance_id_seq', 8, true);


--
-- Name: school_subject_id_seq; Type: SEQUENCE SET; Schema: public; Owner: school_user
--

SELECT pg_catalog.setval('public.school_subject_id_seq', 9, true);


--
-- Name: school_submittedassignment_id_seq; Type: SEQUENCE SET; Schema: public; Owner: school_user
--

SELECT pg_catalog.setval('public.school_submittedassignment_id_seq', 4, true);


--
-- Name: school_task_id_seq; Type: SEQUENCE SET; Schema: public; Owner: school_user
--

SELECT pg_catalog.setval('public.school_task_id_seq', 1, true);


--
-- Name: school_teacher_subjects_id_seq; Type: SEQUENCE SET; Schema: public; Owner: school_user
--

SELECT pg_catalog.setval('public.school_teacher_subjects_id_seq', 4, true);


--
-- Name: school_timetable_id_seq; Type: SEQUENCE SET; Schema: public; Owner: school_user
--

SELECT pg_catalog.setval('public.school_timetable_id_seq', 13, true);


--
-- Name: school_transportdetails_id_seq; Type: SEQUENCE SET; Schema: public; Owner: school_user
--

SELECT pg_catalog.setval('public.school_transportdetails_id_seq', 2, true);


--
-- Name: school_user_groups_id_seq; Type: SEQUENCE SET; Schema: public; Owner: school_user
--

SELECT pg_catalog.setval('public.school_user_groups_id_seq', 1, false);


--
-- Name: school_user_user_permissions_id_seq; Type: SEQUENCE SET; Schema: public; Owner: school_user
--

SELECT pg_catalog.setval('public.school_user_user_permissions_id_seq', 1, false);


--
-- Name: auth_group auth_group_name_key; Type: CONSTRAINT; Schema: public; Owner: school_user
--

ALTER TABLE ONLY public.auth_group
    ADD CONSTRAINT auth_group_name_key UNIQUE (name);


--
-- Name: auth_group_permissions auth_group_permissions_group_id_permission_id_0cd325b0_uniq; Type: CONSTRAINT; Schema: public; Owner: school_user
--

ALTER TABLE ONLY public.auth_group_permissions
    ADD CONSTRAINT auth_group_permissions_group_id_permission_id_0cd325b0_uniq UNIQUE (group_id, permission_id);


--
-- Name: auth_group_permissions auth_group_permissions_pkey; Type: CONSTRAINT; Schema: public; Owner: school_user
--

ALTER TABLE ONLY public.auth_group_permissions
    ADD CONSTRAINT auth_group_permissions_pkey PRIMARY KEY (id);


--
-- Name: auth_group auth_group_pkey; Type: CONSTRAINT; Schema: public; Owner: school_user
--

ALTER TABLE ONLY public.auth_group
    ADD CONSTRAINT auth_group_pkey PRIMARY KEY (id);


--
-- Name: auth_permission auth_permission_content_type_id_codename_01ab375a_uniq; Type: CONSTRAINT; Schema: public; Owner: school_user
--

ALTER TABLE ONLY public.auth_permission
    ADD CONSTRAINT auth_permission_content_type_id_codename_01ab375a_uniq UNIQUE (content_type_id, codename);


--
-- Name: auth_permission auth_permission_pkey; Type: CONSTRAINT; Schema: public; Owner: school_user
--

ALTER TABLE ONLY public.auth_permission
    ADD CONSTRAINT auth_permission_pkey PRIMARY KEY (id);


--
-- Name: django_admin_log django_admin_log_pkey; Type: CONSTRAINT; Schema: public; Owner: school_user
--

ALTER TABLE ONLY public.django_admin_log
    ADD CONSTRAINT django_admin_log_pkey PRIMARY KEY (id);


--
-- Name: django_content_type django_content_type_app_label_model_76bd3d3b_uniq; Type: CONSTRAINT; Schema: public; Owner: school_user
--

ALTER TABLE ONLY public.django_content_type
    ADD CONSTRAINT django_content_type_app_label_model_76bd3d3b_uniq UNIQUE (app_label, model);


--
-- Name: django_content_type django_content_type_pkey; Type: CONSTRAINT; Schema: public; Owner: school_user
--

ALTER TABLE ONLY public.django_content_type
    ADD CONSTRAINT django_content_type_pkey PRIMARY KEY (id);


--
-- Name: django_migrations django_migrations_pkey; Type: CONSTRAINT; Schema: public; Owner: school_user
--

ALTER TABLE ONLY public.django_migrations
    ADD CONSTRAINT django_migrations_pkey PRIMARY KEY (id);


--
-- Name: django_session django_session_pkey; Type: CONSTRAINT; Schema: public; Owner: school_user
--

ALTER TABLE ONLY public.django_session
    ADD CONSTRAINT django_session_pkey PRIMARY KEY (session_key);


--
-- Name: school_issues issues_pkey; Type: CONSTRAINT; Schema: public; Owner: school_user
--

ALTER TABLE ONLY public.school_issues
    ADD CONSTRAINT issues_pkey PRIMARY KEY (id);


--
-- Name: school_activity school_activity_pkey; Type: CONSTRAINT; Schema: public; Owner: school_user
--

ALTER TABLE ONLY public.school_activity
    ADD CONSTRAINT school_activity_pkey PRIMARY KEY (id);


--
-- Name: school_admin school_admin_pkey; Type: CONSTRAINT; Schema: public; Owner: school_user
--

ALTER TABLE ONLY public.school_admin
    ADD CONSTRAINT school_admin_pkey PRIMARY KEY (email_id);


--
-- Name: school_assignment school_assignment_pkey; Type: CONSTRAINT; Schema: public; Owner: school_user
--

ALTER TABLE ONLY public.school_assignment
    ADD CONSTRAINT school_assignment_pkey PRIMARY KEY (id);


--
-- Name: school_attendance school_attendance_pkey; Type: CONSTRAINT; Schema: public; Owner: school_user
--

ALTER TABLE ONLY public.school_attendance
    ADD CONSTRAINT school_attendance_pkey PRIMARY KEY (id);


--
-- Name: school_attendance school_attendance_user_id_date_0f3c4b15_uniq; Type: CONSTRAINT; Schema: public; Owner: school_user
--

ALTER TABLE ONLY public.school_attendance
    ADD CONSTRAINT school_attendance_user_id_date_0f3c4b15_uniq UNIQUE (user_id, date);


--
-- Name: school_award school_award_pkey; Type: CONSTRAINT; Schema: public; Owner: school_user
--

ALTER TABLE ONLY public.school_award
    ADD CONSTRAINT school_award_pkey PRIMARY KEY (id);


--
-- Name: school_class school_class_class_name_sec_e13a4fb4_uniq; Type: CONSTRAINT; Schema: public; Owner: school_user
--

ALTER TABLE ONLY public.school_class
    ADD CONSTRAINT school_class_class_name_sec_e13a4fb4_uniq UNIQUE (class_name, sec);


--
-- Name: school_class school_class_pkey; Type: CONSTRAINT; Schema: public; Owner: school_user
--

ALTER TABLE ONLY public.school_class
    ADD CONSTRAINT school_class_pkey PRIMARY KEY (id);


--
-- Name: school_department school_department_department_name_key; Type: CONSTRAINT; Schema: public; Owner: school_user
--

ALTER TABLE ONLY public.school_department
    ADD CONSTRAINT school_department_department_name_key UNIQUE (department_name);


--
-- Name: school_department school_department_pkey; Type: CONSTRAINT; Schema: public; Owner: school_user
--

ALTER TABLE ONLY public.school_department
    ADD CONSTRAINT school_department_pkey PRIMARY KEY (id);


--
-- Name: school_document school_document_email_id_key; Type: CONSTRAINT; Schema: public; Owner: school_user
--

ALTER TABLE ONLY public.school_document
    ADD CONSTRAINT school_document_email_id_key UNIQUE (email_id);


--
-- Name: school_document school_document_pkey; Type: CONSTRAINT; Schema: public; Owner: school_user
--

ALTER TABLE ONLY public.school_document
    ADD CONSTRAINT school_document_pkey PRIMARY KEY (id);


--
-- Name: school_feepayment school_feepayment_pkey; Type: CONSTRAINT; Schema: public; Owner: school_user
--

ALTER TABLE ONLY public.school_feepayment
    ADD CONSTRAINT school_feepayment_pkey PRIMARY KEY (id);


--
-- Name: school_feepayment school_feepayment_transaction_id_key; Type: CONSTRAINT; Schema: public; Owner: school_user
--

ALTER TABLE ONLY public.school_feepayment
    ADD CONSTRAINT school_feepayment_transaction_id_key UNIQUE (transaction_id);


--
-- Name: school_feestructure school_feestructure_pkey; Type: CONSTRAINT; Schema: public; Owner: school_user
--

ALTER TABLE ONLY public.school_feestructure
    ADD CONSTRAINT school_feestructure_pkey PRIMARY KEY (id);


--
-- Name: school_financetransaction school_financetransaction_pkey; Type: CONSTRAINT; Schema: public; Owner: school_user
--

ALTER TABLE ONLY public.school_financetransaction
    ADD CONSTRAINT school_financetransaction_pkey PRIMARY KEY (id);


--
-- Name: school_financetransaction school_financetransaction_reference_id_key; Type: CONSTRAINT; Schema: public; Owner: school_user
--

ALTER TABLE ONLY public.school_financetransaction
    ADD CONSTRAINT school_financetransaction_reference_id_key UNIQUE (reference_id);


--
-- Name: school_formermember school_formermember_pkey; Type: CONSTRAINT; Schema: public; Owner: school_user
--

ALTER TABLE ONLY public.school_formermember
    ADD CONSTRAINT school_formermember_pkey PRIMARY KEY (email);


--
-- Name: school_grade school_grade_pkey; Type: CONSTRAINT; Schema: public; Owner: school_user
--

ALTER TABLE ONLY public.school_grade
    ADD CONSTRAINT school_grade_pkey PRIMARY KEY (id);


--
-- Name: school_holiday school_holiday_date_country_e25c8649_uniq; Type: CONSTRAINT; Schema: public; Owner: school_user
--

ALTER TABLE ONLY public.school_holiday
    ADD CONSTRAINT school_holiday_date_country_e25c8649_uniq UNIQUE (date, country);


--
-- Name: school_holiday school_holiday_pkey; Type: CONSTRAINT; Schema: public; Owner: school_user
--

ALTER TABLE ONLY public.school_holiday
    ADD CONSTRAINT school_holiday_pkey PRIMARY KEY (id);


--
-- Name: school_idcard school_idcard_pkey; Type: CONSTRAINT; Schema: public; Owner: school_user
--

ALTER TABLE ONLY public.school_idcard
    ADD CONSTRAINT school_idcard_pkey PRIMARY KEY (id);


--
-- Name: school_idcard school_idcard_user_id_key; Type: CONSTRAINT; Schema: public; Owner: school_user
--

ALTER TABLE ONLY public.school_idcard
    ADD CONSTRAINT school_idcard_user_id_key UNIQUE (user_id);


--
-- Name: school_leave school_leave_pkey; Type: CONSTRAINT; Schema: public; Owner: school_user
--

ALTER TABLE ONLY public.school_leave
    ADD CONSTRAINT school_leave_pkey PRIMARY KEY (id);


--
-- Name: school_management school_management_pkey; Type: CONSTRAINT; Schema: public; Owner: school_user
--

ALTER TABLE ONLY public.school_management
    ADD CONSTRAINT school_management_pkey PRIMARY KEY (email_id);


--
-- Name: school_notice school_notice_pkey; Type: CONSTRAINT; Schema: public; Owner: school_user
--

ALTER TABLE ONLY public.school_notice
    ADD CONSTRAINT school_notice_pkey PRIMARY KEY (id);


--
-- Name: school_parent school_parent_pkey; Type: CONSTRAINT; Schema: public; Owner: school_user
--

ALTER TABLE ONLY public.school_parent
    ADD CONSTRAINT school_parent_pkey PRIMARY KEY (email_id);


--
-- Name: school_principal school_principal_pkey; Type: CONSTRAINT; Schema: public; Owner: school_user
--

ALTER TABLE ONLY public.school_principal
    ADD CONSTRAINT school_principal_pkey PRIMARY KEY (email_id);


--
-- Name: school_program school_program_pkey; Type: CONSTRAINT; Schema: public; Owner: school_user
--

ALTER TABLE ONLY public.school_program
    ADD CONSTRAINT school_program_pkey PRIMARY KEY (id);


--
-- Name: school_project school_project_pkey; Type: CONSTRAINT; Schema: public; Owner: school_user
--

ALTER TABLE ONLY public.school_project
    ADD CONSTRAINT school_project_pkey PRIMARY KEY (id);


--
-- Name: school_report school_report_pkey; Type: CONSTRAINT; Schema: public; Owner: school_user
--

ALTER TABLE ONLY public.school_report
    ADD CONSTRAINT school_report_pkey PRIMARY KEY (id);


--
-- Name: school_student school_student_pkey; Type: CONSTRAINT; Schema: public; Owner: school_user
--

ALTER TABLE ONLY public.school_student
    ADD CONSTRAINT school_student_pkey PRIMARY KEY (email_id);


--
-- Name: school_student school_student_student_id_key; Type: CONSTRAINT; Schema: public; Owner: school_user
--

ALTER TABLE ONLY public.school_student
    ADD CONSTRAINT school_student_student_id_key UNIQUE (student_id);


--
-- Name: school_studentattendance school_studentattendance_pkey; Type: CONSTRAINT; Schema: public; Owner: school_user
--

ALTER TABLE ONLY public.school_studentattendance
    ADD CONSTRAINT school_studentattendance_pkey PRIMARY KEY (id);


--
-- Name: school_studentattendance school_studentattendance_student_id_subject_id_da_000c94b8_uniq; Type: CONSTRAINT; Schema: public; Owner: school_user
--

ALTER TABLE ONLY public.school_studentattendance
    ADD CONSTRAINT school_studentattendance_student_id_subject_id_da_000c94b8_uniq UNIQUE (student_id, subject_id, date);


--
-- Name: school_subject school_subject_pkey; Type: CONSTRAINT; Schema: public; Owner: school_user
--

ALTER TABLE ONLY public.school_subject
    ADD CONSTRAINT school_subject_pkey PRIMARY KEY (id);


--
-- Name: school_subject school_subject_subject_code_key; Type: CONSTRAINT; Schema: public; Owner: school_user
--

ALTER TABLE ONLY public.school_subject
    ADD CONSTRAINT school_subject_subject_code_key UNIQUE (subject_code);


--
-- Name: school_submittedassignment school_submittedassignme_assignment_id_student_id_607cecbe_uniq; Type: CONSTRAINT; Schema: public; Owner: school_user
--

ALTER TABLE ONLY public.school_submittedassignment
    ADD CONSTRAINT school_submittedassignme_assignment_id_student_id_607cecbe_uniq UNIQUE (assignment_id, student_id);


--
-- Name: school_submittedassignment school_submittedassignment_pkey; Type: CONSTRAINT; Schema: public; Owner: school_user
--

ALTER TABLE ONLY public.school_submittedassignment
    ADD CONSTRAINT school_submittedassignment_pkey PRIMARY KEY (id);


--
-- Name: school_task school_task_pkey; Type: CONSTRAINT; Schema: public; Owner: school_user
--

ALTER TABLE ONLY public.school_task
    ADD CONSTRAINT school_task_pkey PRIMARY KEY (id);


--
-- Name: school_teacher school_teacher_pkey; Type: CONSTRAINT; Schema: public; Owner: school_user
--

ALTER TABLE ONLY public.school_teacher
    ADD CONSTRAINT school_teacher_pkey PRIMARY KEY (email_id);


--
-- Name: school_teacher_subjects school_teacher_subjects_pkey; Type: CONSTRAINT; Schema: public; Owner: school_user
--

ALTER TABLE ONLY public.school_teacher_subjects
    ADD CONSTRAINT school_teacher_subjects_pkey PRIMARY KEY (id);


--
-- Name: school_teacher_subjects school_teacher_subjects_teacher_id_subject_id_6912a6c1_uniq; Type: CONSTRAINT; Schema: public; Owner: school_user
--

ALTER TABLE ONLY public.school_teacher_subjects
    ADD CONSTRAINT school_teacher_subjects_teacher_id_subject_id_6912a6c1_uniq UNIQUE (teacher_id, subject_id);


--
-- Name: school_teacher school_teacher_teacher_id_key; Type: CONSTRAINT; Schema: public; Owner: school_user
--

ALTER TABLE ONLY public.school_teacher
    ADD CONSTRAINT school_teacher_teacher_id_key UNIQUE (teacher_id);


--
-- Name: school_timetable school_timetable_pkey; Type: CONSTRAINT; Schema: public; Owner: school_user
--

ALTER TABLE ONLY public.school_timetable
    ADD CONSTRAINT school_timetable_pkey PRIMARY KEY (id);


--
-- Name: school_transportdetails school_transportdetails_pkey; Type: CONSTRAINT; Schema: public; Owner: school_user
--

ALTER TABLE ONLY public.school_transportdetails
    ADD CONSTRAINT school_transportdetails_pkey PRIMARY KEY (id);


--
-- Name: school_transportdetails school_transportdetails_user_id_key; Type: CONSTRAINT; Schema: public; Owner: school_user
--

ALTER TABLE ONLY public.school_transportdetails
    ADD CONSTRAINT school_transportdetails_user_id_key UNIQUE (user_id);


--
-- Name: school_user_groups school_user_groups_pkey; Type: CONSTRAINT; Schema: public; Owner: school_user
--

ALTER TABLE ONLY public.school_user_groups
    ADD CONSTRAINT school_user_groups_pkey PRIMARY KEY (id);


--
-- Name: school_user_groups school_user_groups_user_id_group_id_10d9a233_uniq; Type: CONSTRAINT; Schema: public; Owner: school_user
--

ALTER TABLE ONLY public.school_user_groups
    ADD CONSTRAINT school_user_groups_user_id_group_id_10d9a233_uniq UNIQUE (user_id, group_id);


--
-- Name: school_user school_user_pkey; Type: CONSTRAINT; Schema: public; Owner: school_user
--

ALTER TABLE ONLY public.school_user
    ADD CONSTRAINT school_user_pkey PRIMARY KEY (email);


--
-- Name: school_user_user_permissions school_user_user_permiss_user_id_permission_id_46da6d46_uniq; Type: CONSTRAINT; Schema: public; Owner: school_user
--

ALTER TABLE ONLY public.school_user_user_permissions
    ADD CONSTRAINT school_user_user_permiss_user_id_permission_id_46da6d46_uniq UNIQUE (user_id, permission_id);


--
-- Name: school_user_user_permissions school_user_user_permissions_pkey; Type: CONSTRAINT; Schema: public; Owner: school_user
--

ALTER TABLE ONLY public.school_user_user_permissions
    ADD CONSTRAINT school_user_user_permissions_pkey PRIMARY KEY (id);


--
-- Name: auth_group_name_a6ea08ec_like; Type: INDEX; Schema: public; Owner: school_user
--

CREATE INDEX auth_group_name_a6ea08ec_like ON public.auth_group USING btree (name varchar_pattern_ops);


--
-- Name: auth_group_permissions_group_id_b120cbf9; Type: INDEX; Schema: public; Owner: school_user
--

CREATE INDEX auth_group_permissions_group_id_b120cbf9 ON public.auth_group_permissions USING btree (group_id);


--
-- Name: auth_group_permissions_permission_id_84c5c92e; Type: INDEX; Schema: public; Owner: school_user
--

CREATE INDEX auth_group_permissions_permission_id_84c5c92e ON public.auth_group_permissions USING btree (permission_id);


--
-- Name: auth_permission_content_type_id_2f476e4b; Type: INDEX; Schema: public; Owner: school_user
--

CREATE INDEX auth_permission_content_type_id_2f476e4b ON public.auth_permission USING btree (content_type_id);


--
-- Name: django_admin_log_content_type_id_c4bce8eb; Type: INDEX; Schema: public; Owner: school_user
--

CREATE INDEX django_admin_log_content_type_id_c4bce8eb ON public.django_admin_log USING btree (content_type_id);


--
-- Name: django_admin_log_user_id_c564eba6; Type: INDEX; Schema: public; Owner: school_user
--

CREATE INDEX django_admin_log_user_id_c564eba6 ON public.django_admin_log USING btree (user_id);


--
-- Name: django_admin_log_user_id_c564eba6_like; Type: INDEX; Schema: public; Owner: school_user
--

CREATE INDEX django_admin_log_user_id_c564eba6_like ON public.django_admin_log USING btree (user_id varchar_pattern_ops);


--
-- Name: django_session_expire_date_a5c62663; Type: INDEX; Schema: public; Owner: school_user
--

CREATE INDEX django_session_expire_date_a5c62663 ON public.django_session USING btree (expire_date);


--
-- Name: django_session_session_key_c0390e0f_like; Type: INDEX; Schema: public; Owner: school_user
--

CREATE INDEX django_session_session_key_c0390e0f_like ON public.django_session USING btree (session_key varchar_pattern_ops);


--
-- Name: issues_closed_by_id_9740ef7f; Type: INDEX; Schema: public; Owner: school_user
--

CREATE INDEX issues_closed_by_id_9740ef7f ON public.school_issues USING btree (closed_by_id);


--
-- Name: issues_closed_by_id_9740ef7f_like; Type: INDEX; Schema: public; Owner: school_user
--

CREATE INDEX issues_closed_by_id_9740ef7f_like ON public.school_issues USING btree (closed_by_id varchar_pattern_ops);


--
-- Name: issues_closed_to_id_0dfd554e; Type: INDEX; Schema: public; Owner: school_user
--

CREATE INDEX issues_closed_to_id_0dfd554e ON public.school_issues USING btree (closed_to_id);


--
-- Name: issues_closed_to_id_0dfd554e_like; Type: INDEX; Schema: public; Owner: school_user
--

CREATE INDEX issues_closed_to_id_0dfd554e_like ON public.school_issues USING btree (closed_to_id varchar_pattern_ops);


--
-- Name: issues_raised_by_id_4974088e; Type: INDEX; Schema: public; Owner: school_user
--

CREATE INDEX issues_raised_by_id_4974088e ON public.school_issues USING btree (raised_by_id);


--
-- Name: issues_raised_by_id_4974088e_like; Type: INDEX; Schema: public; Owner: school_user
--

CREATE INDEX issues_raised_by_id_4974088e_like ON public.school_issues USING btree (raised_by_id varchar_pattern_ops);


--
-- Name: issues_raised_to_id_4fdeaf1d; Type: INDEX; Schema: public; Owner: school_user
--

CREATE INDEX issues_raised_to_id_4fdeaf1d ON public.school_issues USING btree (raised_to_id);


--
-- Name: issues_raised_to_id_4fdeaf1d_like; Type: INDEX; Schema: public; Owner: school_user
--

CREATE INDEX issues_raised_to_id_4fdeaf1d_like ON public.school_issues USING btree (raised_to_id varchar_pattern_ops);


--
-- Name: school_activity_class_fk_id_1733ce4e; Type: INDEX; Schema: public; Owner: school_user
--

CREATE INDEX school_activity_class_fk_id_1733ce4e ON public.school_activity USING btree (class_id_id);


--
-- Name: school_activity_conducted_by_id_31c61a1e; Type: INDEX; Schema: public; Owner: school_user
--

CREATE INDEX school_activity_conducted_by_id_31c61a1e ON public.school_activity USING btree (conducted_by_id);


--
-- Name: school_activity_conducted_by_id_31c61a1e_like; Type: INDEX; Schema: public; Owner: school_user
--

CREATE INDEX school_activity_conducted_by_id_31c61a1e_like ON public.school_activity USING btree (conducted_by_id varchar_pattern_ops);


--
-- Name: school_admin_email_id_86dd291b_like; Type: INDEX; Schema: public; Owner: school_user
--

CREATE INDEX school_admin_email_id_86dd291b_like ON public.school_admin USING btree (email_id varchar_pattern_ops);


--
-- Name: school_assignment_assigned_by_id_e8694b69; Type: INDEX; Schema: public; Owner: school_user
--

CREATE INDEX school_assignment_assigned_by_id_e8694b69 ON public.school_assignment USING btree (assigned_by_id);


--
-- Name: school_assignment_assigned_by_id_e8694b69_like; Type: INDEX; Schema: public; Owner: school_user
--

CREATE INDEX school_assignment_assigned_by_id_e8694b69_like ON public.school_assignment USING btree (assigned_by_id varchar_pattern_ops);


--
-- Name: school_assignment_class_fk_id_657b4526; Type: INDEX; Schema: public; Owner: school_user
--

CREATE INDEX school_assignment_class_fk_id_657b4526 ON public.school_assignment USING btree (class_id_id);


--
-- Name: school_assignment_subject_id_243751e9; Type: INDEX; Schema: public; Owner: school_user
--

CREATE INDEX school_assignment_subject_id_243751e9 ON public.school_assignment USING btree (subject_id);


--
-- Name: school_attendance_user_id_d03fe3fa; Type: INDEX; Schema: public; Owner: school_user
--

CREATE INDEX school_attendance_user_id_d03fe3fa ON public.school_attendance USING btree (user_id);


--
-- Name: school_attendance_user_id_d03fe3fa_like; Type: INDEX; Schema: public; Owner: school_user
--

CREATE INDEX school_attendance_user_id_d03fe3fa_like ON public.school_attendance USING btree (user_id varchar_pattern_ops);


--
-- Name: school_award_email_id_be7fb329; Type: INDEX; Schema: public; Owner: school_user
--

CREATE INDEX school_award_email_id_be7fb329 ON public.school_award USING btree (email_id);


--
-- Name: school_award_email_id_be7fb329_like; Type: INDEX; Schema: public; Owner: school_user
--

CREATE INDEX school_award_email_id_be7fb329_like ON public.school_award USING btree (email_id varchar_pattern_ops);


--
-- Name: school_class_class_teacher_id_258e1e5d; Type: INDEX; Schema: public; Owner: school_user
--

CREATE INDEX school_class_class_teacher_id_258e1e5d ON public.school_class USING btree (class_teacher_id);


--
-- Name: school_class_class_teacher_id_258e1e5d_like; Type: INDEX; Schema: public; Owner: school_user
--

CREATE INDEX school_class_class_teacher_id_258e1e5d_like ON public.school_class USING btree (class_teacher_id varchar_pattern_ops);


--
-- Name: school_department_department_name_22d2db36_like; Type: INDEX; Schema: public; Owner: school_user
--

CREATE INDEX school_department_department_name_22d2db36_like ON public.school_department USING btree (department_name varchar_pattern_ops);


--
-- Name: school_document_email_id_c91ed9f5_like; Type: INDEX; Schema: public; Owner: school_user
--

CREATE INDEX school_document_email_id_c91ed9f5_like ON public.school_document USING btree (email_id varchar_pattern_ops);


--
-- Name: school_feepayment_fee_structure_id_87025021; Type: INDEX; Schema: public; Owner: school_user
--

CREATE INDEX school_feepayment_fee_structure_id_87025021 ON public.school_feepayment USING btree (fee_structure_id);


--
-- Name: school_feepayment_student_id_74274dfb; Type: INDEX; Schema: public; Owner: school_user
--

CREATE INDEX school_feepayment_student_id_74274dfb ON public.school_feepayment USING btree (student_id);


--
-- Name: school_feepayment_student_id_74274dfb_like; Type: INDEX; Schema: public; Owner: school_user
--

CREATE INDEX school_feepayment_student_id_74274dfb_like ON public.school_feepayment USING btree (student_id varchar_pattern_ops);


--
-- Name: school_feepayment_transaction_id_5d6c9c96_like; Type: INDEX; Schema: public; Owner: school_user
--

CREATE INDEX school_feepayment_transaction_id_5d6c9c96_like ON public.school_feepayment USING btree (transaction_id varchar_pattern_ops);


--
-- Name: school_feestructure_class_fk_id_15b58db6; Type: INDEX; Schema: public; Owner: school_user
--

CREATE INDEX school_feestructure_class_fk_id_15b58db6 ON public.school_feestructure USING btree (class_id_id);


--
-- Name: school_financetransaction_recorded_by_id_54c2917e; Type: INDEX; Schema: public; Owner: school_user
--

CREATE INDEX school_financetransaction_recorded_by_id_54c2917e ON public.school_financetransaction USING btree (recorded_by_id);


--
-- Name: school_financetransaction_recorded_by_id_54c2917e_like; Type: INDEX; Schema: public; Owner: school_user
--

CREATE INDEX school_financetransaction_recorded_by_id_54c2917e_like ON public.school_financetransaction USING btree (recorded_by_id varchar_pattern_ops);


--
-- Name: school_financetransaction_reference_id_44875be5_like; Type: INDEX; Schema: public; Owner: school_user
--

CREATE INDEX school_financetransaction_reference_id_44875be5_like ON public.school_financetransaction USING btree (reference_id varchar_pattern_ops);


--
-- Name: school_formermember_email_8e8e3d0a_like; Type: INDEX; Schema: public; Owner: school_user
--

CREATE INDEX school_formermember_email_8e8e3d0a_like ON public.school_formermember USING btree (email varchar_pattern_ops);


--
-- Name: school_grade_student_id_a5de1711; Type: INDEX; Schema: public; Owner: school_user
--

CREATE INDEX school_grade_student_id_a5de1711 ON public.school_grade USING btree (student_id);


--
-- Name: school_grade_student_id_a5de1711_like; Type: INDEX; Schema: public; Owner: school_user
--

CREATE INDEX school_grade_student_id_a5de1711_like ON public.school_grade USING btree (student_id varchar_pattern_ops);


--
-- Name: school_grade_subject_id_e3fe9449; Type: INDEX; Schema: public; Owner: school_user
--

CREATE INDEX school_grade_subject_id_e3fe9449 ON public.school_grade USING btree (subject_id);


--
-- Name: school_grade_teacher_id_026b97d5; Type: INDEX; Schema: public; Owner: school_user
--

CREATE INDEX school_grade_teacher_id_026b97d5 ON public.school_grade USING btree (teacher_id);


--
-- Name: school_grade_teacher_id_026b97d5_like; Type: INDEX; Schema: public; Owner: school_user
--

CREATE INDEX school_grade_teacher_id_026b97d5_like ON public.school_grade USING btree (teacher_id varchar_pattern_ops);


--
-- Name: school_idcard_user_id_63b3fb17_like; Type: INDEX; Schema: public; Owner: school_user
--

CREATE INDEX school_idcard_user_id_63b3fb17_like ON public.school_idcard USING btree (user_id varchar_pattern_ops);


--
-- Name: school_leave_applicant_id_ef41bc03; Type: INDEX; Schema: public; Owner: school_user
--

CREATE INDEX school_leave_applicant_id_ef41bc03 ON public.school_leave USING btree (applicant_id);


--
-- Name: school_leave_applicant_id_ef41bc03_like; Type: INDEX; Schema: public; Owner: school_user
--

CREATE INDEX school_leave_applicant_id_ef41bc03_like ON public.school_leave USING btree (applicant_id varchar_pattern_ops);


--
-- Name: school_leave_approved_by_id_c75a46a1; Type: INDEX; Schema: public; Owner: school_user
--

CREATE INDEX school_leave_approved_by_id_c75a46a1 ON public.school_leave USING btree (approved_by_id);


--
-- Name: school_leave_approved_by_id_c75a46a1_like; Type: INDEX; Schema: public; Owner: school_user
--

CREATE INDEX school_leave_approved_by_id_c75a46a1_like ON public.school_leave USING btree (approved_by_id varchar_pattern_ops);


--
-- Name: school_management_department_id_f510321b; Type: INDEX; Schema: public; Owner: school_user
--

CREATE INDEX school_management_department_id_f510321b ON public.school_management USING btree (department_id);


--
-- Name: school_management_email_id_4056a6eb_like; Type: INDEX; Schema: public; Owner: school_user
--

CREATE INDEX school_management_email_id_4056a6eb_like ON public.school_management USING btree (email_id varchar_pattern_ops);


--
-- Name: school_notice_email_id_42ae920e; Type: INDEX; Schema: public; Owner: school_user
--

CREATE INDEX school_notice_email_id_42ae920e ON public.school_notice USING btree (email_id);


--
-- Name: school_notice_email_id_42ae920e_like; Type: INDEX; Schema: public; Owner: school_user
--

CREATE INDEX school_notice_email_id_42ae920e_like ON public.school_notice USING btree (email_id varchar_pattern_ops);


--
-- Name: school_notice_notice_by_id_c8e453df; Type: INDEX; Schema: public; Owner: school_user
--

CREATE INDEX school_notice_notice_by_id_c8e453df ON public.school_notice USING btree (notice_by_id);


--
-- Name: school_notice_notice_by_id_c8e453df_like; Type: INDEX; Schema: public; Owner: school_user
--

CREATE INDEX school_notice_notice_by_id_c8e453df_like ON public.school_notice USING btree (notice_by_id varchar_pattern_ops);


--
-- Name: school_notice_notice_to_id_3665cf36; Type: INDEX; Schema: public; Owner: school_user
--

CREATE INDEX school_notice_notice_to_id_3665cf36 ON public.school_notice USING btree (notice_to_id);


--
-- Name: school_notice_notice_to_id_3665cf36_like; Type: INDEX; Schema: public; Owner: school_user
--

CREATE INDEX school_notice_notice_to_id_3665cf36_like ON public.school_notice USING btree (notice_to_id varchar_pattern_ops);


--
-- Name: school_parent_email_id_cdfbd729_like; Type: INDEX; Schema: public; Owner: school_user
--

CREATE INDEX school_parent_email_id_cdfbd729_like ON public.school_parent USING btree (email_id varchar_pattern_ops);


--
-- Name: school_principal_email_id_e0875bc1_like; Type: INDEX; Schema: public; Owner: school_user
--

CREATE INDEX school_principal_email_id_e0875bc1_like ON public.school_principal USING btree (email_id varchar_pattern_ops);


--
-- Name: school_program_coordinator_id_2e18d6d4; Type: INDEX; Schema: public; Owner: school_user
--

CREATE INDEX school_program_coordinator_id_2e18d6d4 ON public.school_program USING btree (coordinator_id);


--
-- Name: school_program_coordinator_id_2e18d6d4_like; Type: INDEX; Schema: public; Owner: school_user
--

CREATE INDEX school_program_coordinator_id_2e18d6d4_like ON public.school_program USING btree (coordinator_id varchar_pattern_ops);


--
-- Name: school_project_class_fk_id_246cb00f; Type: INDEX; Schema: public; Owner: school_user
--

CREATE INDEX school_project_class_fk_id_246cb00f ON public.school_project USING btree (class_id_id);


--
-- Name: school_project_owner_id_7a5a317f; Type: INDEX; Schema: public; Owner: school_user
--

CREATE INDEX school_project_owner_id_7a5a317f ON public.school_project USING btree (owner_id);


--
-- Name: school_project_owner_id_7a5a317f_like; Type: INDEX; Schema: public; Owner: school_user
--

CREATE INDEX school_project_owner_id_7a5a317f_like ON public.school_project USING btree (owner_id varchar_pattern_ops);


--
-- Name: school_report_created_by_id_5941cb5b; Type: INDEX; Schema: public; Owner: school_user
--

CREATE INDEX school_report_created_by_id_5941cb5b ON public.school_report USING btree (created_by_id);


--
-- Name: school_report_created_by_id_5941cb5b_like; Type: INDEX; Schema: public; Owner: school_user
--

CREATE INDEX school_report_created_by_id_5941cb5b_like ON public.school_report USING btree (created_by_id varchar_pattern_ops);


--
-- Name: school_report_student_id_6be85a7f; Type: INDEX; Schema: public; Owner: school_user
--

CREATE INDEX school_report_student_id_6be85a7f ON public.school_report USING btree (student_id);


--
-- Name: school_report_student_id_6be85a7f_like; Type: INDEX; Schema: public; Owner: school_user
--

CREATE INDEX school_report_student_id_6be85a7f_like ON public.school_report USING btree (student_id varchar_pattern_ops);


--
-- Name: school_report_teacher_id_1a2573fd; Type: INDEX; Schema: public; Owner: school_user
--

CREATE INDEX school_report_teacher_id_1a2573fd ON public.school_report USING btree (teacher_id);


--
-- Name: school_report_teacher_id_1a2573fd_like; Type: INDEX; Schema: public; Owner: school_user
--

CREATE INDEX school_report_teacher_id_1a2573fd_like ON public.school_report USING btree (teacher_id varchar_pattern_ops);


--
-- Name: school_student_class_fk_id_b0bd5678; Type: INDEX; Schema: public; Owner: school_user
--

CREATE INDEX school_student_class_fk_id_b0bd5678 ON public.school_student USING btree (class_id_id);


--
-- Name: school_student_email_id_d1f39cd0_like; Type: INDEX; Schema: public; Owner: school_user
--

CREATE INDEX school_student_email_id_d1f39cd0_like ON public.school_student USING btree (email_id varchar_pattern_ops);


--
-- Name: school_student_parent_id_086e2195; Type: INDEX; Schema: public; Owner: school_user
--

CREATE INDEX school_student_parent_id_086e2195 ON public.school_student USING btree (parent_id);


--
-- Name: school_student_parent_id_086e2195_like; Type: INDEX; Schema: public; Owner: school_user
--

CREATE INDEX school_student_parent_id_086e2195_like ON public.school_student USING btree (parent_id varchar_pattern_ops);


--
-- Name: school_student_student_id_0e70fef9_like; Type: INDEX; Schema: public; Owner: school_user
--

CREATE INDEX school_student_student_id_0e70fef9_like ON public.school_student USING btree (student_id varchar_pattern_ops);


--
-- Name: school_studentattendance_class_id_id_0a3c3c35; Type: INDEX; Schema: public; Owner: school_user
--

CREATE INDEX school_studentattendance_class_id_id_0a3c3c35 ON public.school_studentattendance USING btree (class_id_id);


--
-- Name: school_studentattendance_student_id_06b63af0; Type: INDEX; Schema: public; Owner: school_user
--

CREATE INDEX school_studentattendance_student_id_06b63af0 ON public.school_studentattendance USING btree (student_id);


--
-- Name: school_studentattendance_student_id_06b63af0_like; Type: INDEX; Schema: public; Owner: school_user
--

CREATE INDEX school_studentattendance_student_id_06b63af0_like ON public.school_studentattendance USING btree (student_id varchar_pattern_ops);


--
-- Name: school_studentattendance_subject_id_d2a172a6; Type: INDEX; Schema: public; Owner: school_user
--

CREATE INDEX school_studentattendance_subject_id_d2a172a6 ON public.school_studentattendance USING btree (subject_id);


--
-- Name: school_studentattendance_teacher_id_340fcc7e; Type: INDEX; Schema: public; Owner: school_user
--

CREATE INDEX school_studentattendance_teacher_id_340fcc7e ON public.school_studentattendance USING btree (teacher_id);


--
-- Name: school_studentattendance_teacher_id_340fcc7e_like; Type: INDEX; Schema: public; Owner: school_user
--

CREATE INDEX school_studentattendance_teacher_id_340fcc7e_like ON public.school_studentattendance USING btree (teacher_id varchar_pattern_ops);


--
-- Name: school_subject_subject_code_a630ce4f_like; Type: INDEX; Schema: public; Owner: school_user
--

CREATE INDEX school_subject_subject_code_a630ce4f_like ON public.school_subject USING btree (subject_code varchar_pattern_ops);


--
-- Name: school_submittedassignment_assignment_id_09a84187; Type: INDEX; Schema: public; Owner: school_user
--

CREATE INDEX school_submittedassignment_assignment_id_09a84187 ON public.school_submittedassignment USING btree (assignment_id);


--
-- Name: school_submittedassignment_student_id_14809df5; Type: INDEX; Schema: public; Owner: school_user
--

CREATE INDEX school_submittedassignment_student_id_14809df5 ON public.school_submittedassignment USING btree (student_id);


--
-- Name: school_submittedassignment_student_id_14809df5_like; Type: INDEX; Schema: public; Owner: school_user
--

CREATE INDEX school_submittedassignment_student_id_14809df5_like ON public.school_submittedassignment USING btree (student_id varchar_pattern_ops);


--
-- Name: school_task_assigned_to_id_1257d43b; Type: INDEX; Schema: public; Owner: school_user
--

CREATE INDEX school_task_assigned_to_id_1257d43b ON public.school_task USING btree (assigned_to_id);


--
-- Name: school_task_assigned_to_id_1257d43b_like; Type: INDEX; Schema: public; Owner: school_user
--

CREATE INDEX school_task_assigned_to_id_1257d43b_like ON public.school_task USING btree (assigned_to_id varchar_pattern_ops);


--
-- Name: school_task_created_by_id_d6b8158b; Type: INDEX; Schema: public; Owner: school_user
--

CREATE INDEX school_task_created_by_id_d6b8158b ON public.school_task USING btree (created_by_id);


--
-- Name: school_task_created_by_id_d6b8158b_like; Type: INDEX; Schema: public; Owner: school_user
--

CREATE INDEX school_task_created_by_id_d6b8158b_like ON public.school_task USING btree (created_by_id varchar_pattern_ops);


--
-- Name: school_teacher_class_id_id_7ebedf14; Type: INDEX; Schema: public; Owner: school_user
--

CREATE INDEX school_teacher_class_id_id_7ebedf14 ON public.school_teacher USING btree (class_id_id);


--
-- Name: school_teacher_department_id_a2614802; Type: INDEX; Schema: public; Owner: school_user
--

CREATE INDEX school_teacher_department_id_a2614802 ON public.school_teacher USING btree (department_id);


--
-- Name: school_teacher_email_id_fb136fd3_like; Type: INDEX; Schema: public; Owner: school_user
--

CREATE INDEX school_teacher_email_id_fb136fd3_like ON public.school_teacher USING btree (email_id varchar_pattern_ops);


--
-- Name: school_teacher_subjects_subject_id_a85ed4fe; Type: INDEX; Schema: public; Owner: school_user
--

CREATE INDEX school_teacher_subjects_subject_id_a85ed4fe ON public.school_teacher_subjects USING btree (subject_id);


--
-- Name: school_teacher_subjects_teacher_id_f1d036ce; Type: INDEX; Schema: public; Owner: school_user
--

CREATE INDEX school_teacher_subjects_teacher_id_f1d036ce ON public.school_teacher_subjects USING btree (teacher_id);


--
-- Name: school_teacher_subjects_teacher_id_f1d036ce_like; Type: INDEX; Schema: public; Owner: school_user
--

CREATE INDEX school_teacher_subjects_teacher_id_f1d036ce_like ON public.school_teacher_subjects USING btree (teacher_id varchar_pattern_ops);


--
-- Name: school_teacher_teacher_id_c883dacc_like; Type: INDEX; Schema: public; Owner: school_user
--

CREATE INDEX school_teacher_teacher_id_c883dacc_like ON public.school_teacher USING btree (teacher_id varchar_pattern_ops);


--
-- Name: school_timetable_class_fk_id_05f8fece; Type: INDEX; Schema: public; Owner: school_user
--

CREATE INDEX school_timetable_class_fk_id_05f8fece ON public.school_timetable USING btree (class_id_id);


--
-- Name: school_timetable_subject_id_4e34912b; Type: INDEX; Schema: public; Owner: school_user
--

CREATE INDEX school_timetable_subject_id_4e34912b ON public.school_timetable USING btree (subject_id);


--
-- Name: school_timetable_teacher_id_6cce87d6; Type: INDEX; Schema: public; Owner: school_user
--

CREATE INDEX school_timetable_teacher_id_6cce87d6 ON public.school_timetable USING btree (teacher_id);


--
-- Name: school_timetable_teacher_id_6cce87d6_like; Type: INDEX; Schema: public; Owner: school_user
--

CREATE INDEX school_timetable_teacher_id_6cce87d6_like ON public.school_timetable USING btree (teacher_id varchar_pattern_ops);


--
-- Name: school_transportdetails_user_id_1d32ef0d_like; Type: INDEX; Schema: public; Owner: school_user
--

CREATE INDEX school_transportdetails_user_id_1d32ef0d_like ON public.school_transportdetails USING btree (user_id varchar_pattern_ops);


--
-- Name: school_user_email_f905799c_like; Type: INDEX; Schema: public; Owner: school_user
--

CREATE INDEX school_user_email_f905799c_like ON public.school_user USING btree (email varchar_pattern_ops);


--
-- Name: school_user_groups_group_id_3f68166c; Type: INDEX; Schema: public; Owner: school_user
--

CREATE INDEX school_user_groups_group_id_3f68166c ON public.school_user_groups USING btree (group_id);


--
-- Name: school_user_groups_user_id_79545047; Type: INDEX; Schema: public; Owner: school_user
--

CREATE INDEX school_user_groups_user_id_79545047 ON public.school_user_groups USING btree (user_id);


--
-- Name: school_user_groups_user_id_79545047_like; Type: INDEX; Schema: public; Owner: school_user
--

CREATE INDEX school_user_groups_user_id_79545047_like ON public.school_user_groups USING btree (user_id varchar_pattern_ops);


--
-- Name: school_user_user_permissions_permission_id_db20e4b5; Type: INDEX; Schema: public; Owner: school_user
--

CREATE INDEX school_user_user_permissions_permission_id_db20e4b5 ON public.school_user_user_permissions USING btree (permission_id);


--
-- Name: school_user_user_permissions_user_id_068c776b; Type: INDEX; Schema: public; Owner: school_user
--

CREATE INDEX school_user_user_permissions_user_id_068c776b ON public.school_user_user_permissions USING btree (user_id);


--
-- Name: school_user_user_permissions_user_id_068c776b_like; Type: INDEX; Schema: public; Owner: school_user
--

CREATE INDEX school_user_user_permissions_user_id_068c776b_like ON public.school_user_user_permissions USING btree (user_id varchar_pattern_ops);


--
-- Name: school_user trg_manage_role_tables; Type: TRIGGER; Schema: public; Owner: school_user
--

CREATE TRIGGER trg_manage_role_tables AFTER INSERT OR DELETE OR UPDATE ON public.school_user FOR EACH ROW EXECUTE FUNCTION public.manage_role_tables_on_user_change();


--
-- Name: auth_group_permissions auth_group_permissio_permission_id_84c5c92e_fk_auth_perm; Type: FK CONSTRAINT; Schema: public; Owner: school_user
--

ALTER TABLE ONLY public.auth_group_permissions
    ADD CONSTRAINT auth_group_permissio_permission_id_84c5c92e_fk_auth_perm FOREIGN KEY (permission_id) REFERENCES public.auth_permission(id) DEFERRABLE INITIALLY DEFERRED;


--
-- Name: auth_group_permissions auth_group_permissions_group_id_b120cbf9_fk_auth_group_id; Type: FK CONSTRAINT; Schema: public; Owner: school_user
--

ALTER TABLE ONLY public.auth_group_permissions
    ADD CONSTRAINT auth_group_permissions_group_id_b120cbf9_fk_auth_group_id FOREIGN KEY (group_id) REFERENCES public.auth_group(id) DEFERRABLE INITIALLY DEFERRED;


--
-- Name: auth_permission auth_permission_content_type_id_2f476e4b_fk_django_co; Type: FK CONSTRAINT; Schema: public; Owner: school_user
--

ALTER TABLE ONLY public.auth_permission
    ADD CONSTRAINT auth_permission_content_type_id_2f476e4b_fk_django_co FOREIGN KEY (content_type_id) REFERENCES public.django_content_type(id) DEFERRABLE INITIALLY DEFERRED;


--
-- Name: django_admin_log django_admin_log_content_type_id_c4bce8eb_fk_django_co; Type: FK CONSTRAINT; Schema: public; Owner: school_user
--

ALTER TABLE ONLY public.django_admin_log
    ADD CONSTRAINT django_admin_log_content_type_id_c4bce8eb_fk_django_co FOREIGN KEY (content_type_id) REFERENCES public.django_content_type(id) DEFERRABLE INITIALLY DEFERRED;


--
-- Name: django_admin_log django_admin_log_user_id_c564eba6_fk_school_user_email; Type: FK CONSTRAINT; Schema: public; Owner: school_user
--

ALTER TABLE ONLY public.django_admin_log
    ADD CONSTRAINT django_admin_log_user_id_c564eba6_fk_school_user_email FOREIGN KEY (user_id) REFERENCES public.school_user(email) DEFERRABLE INITIALLY DEFERRED;


--
-- Name: school_issues issues_closed_by_id_9740ef7f_fk_school_user_email; Type: FK CONSTRAINT; Schema: public; Owner: school_user
--

ALTER TABLE ONLY public.school_issues
    ADD CONSTRAINT issues_closed_by_id_9740ef7f_fk_school_user_email FOREIGN KEY (closed_by_id) REFERENCES public.school_user(email) DEFERRABLE INITIALLY DEFERRED;


--
-- Name: school_issues issues_closed_to_id_0dfd554e_fk_school_user_email; Type: FK CONSTRAINT; Schema: public; Owner: school_user
--

ALTER TABLE ONLY public.school_issues
    ADD CONSTRAINT issues_closed_to_id_0dfd554e_fk_school_user_email FOREIGN KEY (closed_to_id) REFERENCES public.school_user(email) DEFERRABLE INITIALLY DEFERRED;


--
-- Name: school_issues issues_raised_by_id_4974088e_fk_school_user_email; Type: FK CONSTRAINT; Schema: public; Owner: school_user
--

ALTER TABLE ONLY public.school_issues
    ADD CONSTRAINT issues_raised_by_id_4974088e_fk_school_user_email FOREIGN KEY (raised_by_id) REFERENCES public.school_user(email) DEFERRABLE INITIALLY DEFERRED;


--
-- Name: school_issues issues_raised_to_id_4fdeaf1d_fk_school_user_email; Type: FK CONSTRAINT; Schema: public; Owner: school_user
--

ALTER TABLE ONLY public.school_issues
    ADD CONSTRAINT issues_raised_to_id_4fdeaf1d_fk_school_user_email FOREIGN KEY (raised_to_id) REFERENCES public.school_user(email) DEFERRABLE INITIALLY DEFERRED;


--
-- Name: school_activity school_activity_class_fk_id_1733ce4e_fk_school_class_id; Type: FK CONSTRAINT; Schema: public; Owner: school_user
--

ALTER TABLE ONLY public.school_activity
    ADD CONSTRAINT school_activity_class_fk_id_1733ce4e_fk_school_class_id FOREIGN KEY (class_id_id) REFERENCES public.school_class(id) DEFERRABLE INITIALLY DEFERRED;


--
-- Name: school_activity school_activity_conducted_by_id_31c61a1e_fk_school_user_email; Type: FK CONSTRAINT; Schema: public; Owner: school_user
--

ALTER TABLE ONLY public.school_activity
    ADD CONSTRAINT school_activity_conducted_by_id_31c61a1e_fk_school_user_email FOREIGN KEY (conducted_by_id) REFERENCES public.school_user(email) DEFERRABLE INITIALLY DEFERRED;


--
-- Name: school_admin school_admin_email_id_86dd291b_fk_school_user_email; Type: FK CONSTRAINT; Schema: public; Owner: school_user
--

ALTER TABLE ONLY public.school_admin
    ADD CONSTRAINT school_admin_email_id_86dd291b_fk_school_user_email FOREIGN KEY (email_id) REFERENCES public.school_user(email) DEFERRABLE INITIALLY DEFERRED;


--
-- Name: school_assignment school_assignment_assigned_by_id_e8694b69_fk_school_user_email; Type: FK CONSTRAINT; Schema: public; Owner: school_user
--

ALTER TABLE ONLY public.school_assignment
    ADD CONSTRAINT school_assignment_assigned_by_id_e8694b69_fk_school_user_email FOREIGN KEY (assigned_by_id) REFERENCES public.school_user(email) DEFERRABLE INITIALLY DEFERRED;


--
-- Name: school_assignment school_assignment_class_fk_id_657b4526_fk_school_class_id; Type: FK CONSTRAINT; Schema: public; Owner: school_user
--

ALTER TABLE ONLY public.school_assignment
    ADD CONSTRAINT school_assignment_class_fk_id_657b4526_fk_school_class_id FOREIGN KEY (class_id_id) REFERENCES public.school_class(id) DEFERRABLE INITIALLY DEFERRED;


--
-- Name: school_assignment school_assignment_subject_id_243751e9_fk_school_subject_id; Type: FK CONSTRAINT; Schema: public; Owner: school_user
--

ALTER TABLE ONLY public.school_assignment
    ADD CONSTRAINT school_assignment_subject_id_243751e9_fk_school_subject_id FOREIGN KEY (subject_id) REFERENCES public.school_subject(id) DEFERRABLE INITIALLY DEFERRED;


--
-- Name: school_attendance school_attendance_user_id_d03fe3fa_fk_school_user_email; Type: FK CONSTRAINT; Schema: public; Owner: school_user
--

ALTER TABLE ONLY public.school_attendance
    ADD CONSTRAINT school_attendance_user_id_d03fe3fa_fk_school_user_email FOREIGN KEY (user_id) REFERENCES public.school_user(email) DEFERRABLE INITIALLY DEFERRED;


--
-- Name: school_award school_award_email_id_be7fb329_fk_school_user_email; Type: FK CONSTRAINT; Schema: public; Owner: school_user
--

ALTER TABLE ONLY public.school_award
    ADD CONSTRAINT school_award_email_id_be7fb329_fk_school_user_email FOREIGN KEY (email_id) REFERENCES public.school_user(email) DEFERRABLE INITIALLY DEFERRED;


--
-- Name: school_class school_class_class_teacher_id_258e1e5d_fk_school_te; Type: FK CONSTRAINT; Schema: public; Owner: school_user
--

ALTER TABLE ONLY public.school_class
    ADD CONSTRAINT school_class_class_teacher_id_258e1e5d_fk_school_te FOREIGN KEY (class_teacher_id) REFERENCES public.school_teacher(email_id) DEFERRABLE INITIALLY DEFERRED;


--
-- Name: school_document school_document_email_id_c91ed9f5_fk_school_user_email; Type: FK CONSTRAINT; Schema: public; Owner: school_user
--

ALTER TABLE ONLY public.school_document
    ADD CONSTRAINT school_document_email_id_c91ed9f5_fk_school_user_email FOREIGN KEY (email_id) REFERENCES public.school_user(email) DEFERRABLE INITIALLY DEFERRED;


--
-- Name: school_feepayment school_feepayment_fee_structure_id_87025021_fk_school_fe; Type: FK CONSTRAINT; Schema: public; Owner: school_user
--

ALTER TABLE ONLY public.school_feepayment
    ADD CONSTRAINT school_feepayment_fee_structure_id_87025021_fk_school_fe FOREIGN KEY (fee_structure_id) REFERENCES public.school_feestructure(id) DEFERRABLE INITIALLY DEFERRED;


--
-- Name: school_feepayment school_feepayment_student_id_74274dfb_fk_school_st; Type: FK CONSTRAINT; Schema: public; Owner: school_user
--

ALTER TABLE ONLY public.school_feepayment
    ADD CONSTRAINT school_feepayment_student_id_74274dfb_fk_school_st FOREIGN KEY (student_id) REFERENCES public.school_student(email_id) DEFERRABLE INITIALLY DEFERRED;


--
-- Name: school_feestructure school_feestructure_class_fk_id_15b58db6_fk_school_class_id; Type: FK CONSTRAINT; Schema: public; Owner: school_user
--

ALTER TABLE ONLY public.school_feestructure
    ADD CONSTRAINT school_feestructure_class_fk_id_15b58db6_fk_school_class_id FOREIGN KEY (class_id_id) REFERENCES public.school_class(id) DEFERRABLE INITIALLY DEFERRED;


--
-- Name: school_financetransaction school_financetransa_recorded_by_id_54c2917e_fk_school_us; Type: FK CONSTRAINT; Schema: public; Owner: school_user
--

ALTER TABLE ONLY public.school_financetransaction
    ADD CONSTRAINT school_financetransa_recorded_by_id_54c2917e_fk_school_us FOREIGN KEY (recorded_by_id) REFERENCES public.school_user(email) DEFERRABLE INITIALLY DEFERRED;


--
-- Name: school_grade school_grade_student_id_a5de1711_fk_school_student_email_id; Type: FK CONSTRAINT; Schema: public; Owner: school_user
--

ALTER TABLE ONLY public.school_grade
    ADD CONSTRAINT school_grade_student_id_a5de1711_fk_school_student_email_id FOREIGN KEY (student_id) REFERENCES public.school_student(email_id) DEFERRABLE INITIALLY DEFERRED;


--
-- Name: school_grade school_grade_subject_id_e3fe9449_fk_school_subject_id; Type: FK CONSTRAINT; Schema: public; Owner: school_user
--

ALTER TABLE ONLY public.school_grade
    ADD CONSTRAINT school_grade_subject_id_e3fe9449_fk_school_subject_id FOREIGN KEY (subject_id) REFERENCES public.school_subject(id) DEFERRABLE INITIALLY DEFERRED;


--
-- Name: school_grade school_grade_teacher_id_026b97d5_fk_school_teacher_email_id; Type: FK CONSTRAINT; Schema: public; Owner: school_user
--

ALTER TABLE ONLY public.school_grade
    ADD CONSTRAINT school_grade_teacher_id_026b97d5_fk_school_teacher_email_id FOREIGN KEY (teacher_id) REFERENCES public.school_teacher(email_id) DEFERRABLE INITIALLY DEFERRED;


--
-- Name: school_idcard school_idcard_user_id_63b3fb17_fk_school_user_email; Type: FK CONSTRAINT; Schema: public; Owner: school_user
--

ALTER TABLE ONLY public.school_idcard
    ADD CONSTRAINT school_idcard_user_id_63b3fb17_fk_school_user_email FOREIGN KEY (user_id) REFERENCES public.school_user(email) DEFERRABLE INITIALLY DEFERRED;


--
-- Name: school_leave school_leave_applicant_id_ef41bc03_fk_school_user_email; Type: FK CONSTRAINT; Schema: public; Owner: school_user
--

ALTER TABLE ONLY public.school_leave
    ADD CONSTRAINT school_leave_applicant_id_ef41bc03_fk_school_user_email FOREIGN KEY (applicant_id) REFERENCES public.school_user(email) DEFERRABLE INITIALLY DEFERRED;


--
-- Name: school_leave school_leave_approved_by_id_c75a46a1_fk_school_user_email; Type: FK CONSTRAINT; Schema: public; Owner: school_user
--

ALTER TABLE ONLY public.school_leave
    ADD CONSTRAINT school_leave_approved_by_id_c75a46a1_fk_school_user_email FOREIGN KEY (approved_by_id) REFERENCES public.school_user(email) DEFERRABLE INITIALLY DEFERRED;


--
-- Name: school_management school_management_department_id_f510321b_fk_school_de; Type: FK CONSTRAINT; Schema: public; Owner: school_user
--

ALTER TABLE ONLY public.school_management
    ADD CONSTRAINT school_management_department_id_f510321b_fk_school_de FOREIGN KEY (department_id) REFERENCES public.school_department(id) DEFERRABLE INITIALLY DEFERRED;


--
-- Name: school_management school_management_email_id_4056a6eb_fk_school_user_email; Type: FK CONSTRAINT; Schema: public; Owner: school_user
--

ALTER TABLE ONLY public.school_management
    ADD CONSTRAINT school_management_email_id_4056a6eb_fk_school_user_email FOREIGN KEY (email_id) REFERENCES public.school_user(email) DEFERRABLE INITIALLY DEFERRED;


--
-- Name: school_notice school_notice_email_id_42ae920e_fk_school_user_email; Type: FK CONSTRAINT; Schema: public; Owner: school_user
--

ALTER TABLE ONLY public.school_notice
    ADD CONSTRAINT school_notice_email_id_42ae920e_fk_school_user_email FOREIGN KEY (email_id) REFERENCES public.school_user(email) DEFERRABLE INITIALLY DEFERRED;


--
-- Name: school_notice school_notice_notice_by_id_c8e453df_fk_school_user_email; Type: FK CONSTRAINT; Schema: public; Owner: school_user
--

ALTER TABLE ONLY public.school_notice
    ADD CONSTRAINT school_notice_notice_by_id_c8e453df_fk_school_user_email FOREIGN KEY (notice_by_id) REFERENCES public.school_user(email) DEFERRABLE INITIALLY DEFERRED;


--
-- Name: school_notice school_notice_notice_to_id_3665cf36_fk_school_user_email; Type: FK CONSTRAINT; Schema: public; Owner: school_user
--

ALTER TABLE ONLY public.school_notice
    ADD CONSTRAINT school_notice_notice_to_id_3665cf36_fk_school_user_email FOREIGN KEY (notice_to_id) REFERENCES public.school_user(email) DEFERRABLE INITIALLY DEFERRED;


--
-- Name: school_parent school_parent_email_id_cdfbd729_fk_school_user_email; Type: FK CONSTRAINT; Schema: public; Owner: school_user
--

ALTER TABLE ONLY public.school_parent
    ADD CONSTRAINT school_parent_email_id_cdfbd729_fk_school_user_email FOREIGN KEY (email_id) REFERENCES public.school_user(email) DEFERRABLE INITIALLY DEFERRED;


--
-- Name: school_principal school_principal_email_id_e0875bc1_fk_school_user_email; Type: FK CONSTRAINT; Schema: public; Owner: school_user
--

ALTER TABLE ONLY public.school_principal
    ADD CONSTRAINT school_principal_email_id_e0875bc1_fk_school_user_email FOREIGN KEY (email_id) REFERENCES public.school_user(email) DEFERRABLE INITIALLY DEFERRED;


--
-- Name: school_program school_program_coordinator_id_2e18d6d4_fk_school_user_email; Type: FK CONSTRAINT; Schema: public; Owner: school_user
--

ALTER TABLE ONLY public.school_program
    ADD CONSTRAINT school_program_coordinator_id_2e18d6d4_fk_school_user_email FOREIGN KEY (coordinator_id) REFERENCES public.school_user(email) DEFERRABLE INITIALLY DEFERRED;


--
-- Name: school_project school_project_class_fk_id_246cb00f_fk_school_class_id; Type: FK CONSTRAINT; Schema: public; Owner: school_user
--

ALTER TABLE ONLY public.school_project
    ADD CONSTRAINT school_project_class_fk_id_246cb00f_fk_school_class_id FOREIGN KEY (class_id_id) REFERENCES public.school_class(id) DEFERRABLE INITIALLY DEFERRED;


--
-- Name: school_project school_project_owner_id_7a5a317f_fk_school_user_email; Type: FK CONSTRAINT; Schema: public; Owner: school_user
--

ALTER TABLE ONLY public.school_project
    ADD CONSTRAINT school_project_owner_id_7a5a317f_fk_school_user_email FOREIGN KEY (owner_id) REFERENCES public.school_user(email) DEFERRABLE INITIALLY DEFERRED;


--
-- Name: school_report school_report_created_by_id_5941cb5b_fk_school_user_email; Type: FK CONSTRAINT; Schema: public; Owner: school_user
--

ALTER TABLE ONLY public.school_report
    ADD CONSTRAINT school_report_created_by_id_5941cb5b_fk_school_user_email FOREIGN KEY (created_by_id) REFERENCES public.school_user(email) DEFERRABLE INITIALLY DEFERRED;


--
-- Name: school_report school_report_student_id_6be85a7f_fk_school_student_email_id; Type: FK CONSTRAINT; Schema: public; Owner: school_user
--

ALTER TABLE ONLY public.school_report
    ADD CONSTRAINT school_report_student_id_6be85a7f_fk_school_student_email_id FOREIGN KEY (student_id) REFERENCES public.school_student(email_id) DEFERRABLE INITIALLY DEFERRED;


--
-- Name: school_report school_report_teacher_id_1a2573fd_fk_school_teacher_email_id; Type: FK CONSTRAINT; Schema: public; Owner: school_user
--

ALTER TABLE ONLY public.school_report
    ADD CONSTRAINT school_report_teacher_id_1a2573fd_fk_school_teacher_email_id FOREIGN KEY (teacher_id) REFERENCES public.school_teacher(email_id) DEFERRABLE INITIALLY DEFERRED;


--
-- Name: school_student school_student_class_fk_id_b0bd5678_fk_school_class_id; Type: FK CONSTRAINT; Schema: public; Owner: school_user
--

ALTER TABLE ONLY public.school_student
    ADD CONSTRAINT school_student_class_fk_id_b0bd5678_fk_school_class_id FOREIGN KEY (class_id_id) REFERENCES public.school_class(id) DEFERRABLE INITIALLY DEFERRED;


--
-- Name: school_student school_student_email_id_d1f39cd0_fk_school_user_email; Type: FK CONSTRAINT; Schema: public; Owner: school_user
--

ALTER TABLE ONLY public.school_student
    ADD CONSTRAINT school_student_email_id_d1f39cd0_fk_school_user_email FOREIGN KEY (email_id) REFERENCES public.school_user(email) DEFERRABLE INITIALLY DEFERRED;


--
-- Name: school_student school_student_parent_id_086e2195_fk_school_parent_email_id; Type: FK CONSTRAINT; Schema: public; Owner: school_user
--

ALTER TABLE ONLY public.school_student
    ADD CONSTRAINT school_student_parent_id_086e2195_fk_school_parent_email_id FOREIGN KEY (parent_id) REFERENCES public.school_parent(email_id) DEFERRABLE INITIALLY DEFERRED;


--
-- Name: school_studentattendance school_studentattend_class_id_id_0a3c3c35_fk_school_cl; Type: FK CONSTRAINT; Schema: public; Owner: school_user
--

ALTER TABLE ONLY public.school_studentattendance
    ADD CONSTRAINT school_studentattend_class_id_id_0a3c3c35_fk_school_cl FOREIGN KEY (class_id_id) REFERENCES public.school_class(id) DEFERRABLE INITIALLY DEFERRED;


--
-- Name: school_studentattendance school_studentattend_student_id_06b63af0_fk_school_st; Type: FK CONSTRAINT; Schema: public; Owner: school_user
--

ALTER TABLE ONLY public.school_studentattendance
    ADD CONSTRAINT school_studentattend_student_id_06b63af0_fk_school_st FOREIGN KEY (student_id) REFERENCES public.school_student(email_id) DEFERRABLE INITIALLY DEFERRED;


--
-- Name: school_studentattendance school_studentattend_subject_id_d2a172a6_fk_school_su; Type: FK CONSTRAINT; Schema: public; Owner: school_user
--

ALTER TABLE ONLY public.school_studentattendance
    ADD CONSTRAINT school_studentattend_subject_id_d2a172a6_fk_school_su FOREIGN KEY (subject_id) REFERENCES public.school_subject(id) DEFERRABLE INITIALLY DEFERRED;


--
-- Name: school_studentattendance school_studentattend_teacher_id_340fcc7e_fk_school_te; Type: FK CONSTRAINT; Schema: public; Owner: school_user
--

ALTER TABLE ONLY public.school_studentattendance
    ADD CONSTRAINT school_studentattend_teacher_id_340fcc7e_fk_school_te FOREIGN KEY (teacher_id) REFERENCES public.school_teacher(email_id) DEFERRABLE INITIALLY DEFERRED;


--
-- Name: school_submittedassignment school_submittedassi_assignment_id_09a84187_fk_school_as; Type: FK CONSTRAINT; Schema: public; Owner: school_user
--

ALTER TABLE ONLY public.school_submittedassignment
    ADD CONSTRAINT school_submittedassi_assignment_id_09a84187_fk_school_as FOREIGN KEY (assignment_id) REFERENCES public.school_assignment(id) DEFERRABLE INITIALLY DEFERRED;


--
-- Name: school_submittedassignment school_submittedassi_student_id_14809df5_fk_school_st; Type: FK CONSTRAINT; Schema: public; Owner: school_user
--

ALTER TABLE ONLY public.school_submittedassignment
    ADD CONSTRAINT school_submittedassi_student_id_14809df5_fk_school_st FOREIGN KEY (student_id) REFERENCES public.school_student(email_id) DEFERRABLE INITIALLY DEFERRED;


--
-- Name: school_task school_task_assigned_to_id_1257d43b_fk_school_user_email; Type: FK CONSTRAINT; Schema: public; Owner: school_user
--

ALTER TABLE ONLY public.school_task
    ADD CONSTRAINT school_task_assigned_to_id_1257d43b_fk_school_user_email FOREIGN KEY (assigned_to_id) REFERENCES public.school_user(email) DEFERRABLE INITIALLY DEFERRED;


--
-- Name: school_task school_task_created_by_id_d6b8158b_fk_school_user_email; Type: FK CONSTRAINT; Schema: public; Owner: school_user
--

ALTER TABLE ONLY public.school_task
    ADD CONSTRAINT school_task_created_by_id_d6b8158b_fk_school_user_email FOREIGN KEY (created_by_id) REFERENCES public.school_user(email) DEFERRABLE INITIALLY DEFERRED;


--
-- Name: school_teacher school_teacher_class_id_id_7ebedf14_fk_school_class_id; Type: FK CONSTRAINT; Schema: public; Owner: school_user
--

ALTER TABLE ONLY public.school_teacher
    ADD CONSTRAINT school_teacher_class_id_id_7ebedf14_fk_school_class_id FOREIGN KEY (class_id_id) REFERENCES public.school_class(id) DEFERRABLE INITIALLY DEFERRED;


--
-- Name: school_teacher school_teacher_department_id_a2614802_fk_school_department_id; Type: FK CONSTRAINT; Schema: public; Owner: school_user
--

ALTER TABLE ONLY public.school_teacher
    ADD CONSTRAINT school_teacher_department_id_a2614802_fk_school_department_id FOREIGN KEY (department_id) REFERENCES public.school_department(id) DEFERRABLE INITIALLY DEFERRED;


--
-- Name: school_teacher school_teacher_email_id_fb136fd3_fk_school_user_email; Type: FK CONSTRAINT; Schema: public; Owner: school_user
--

ALTER TABLE ONLY public.school_teacher
    ADD CONSTRAINT school_teacher_email_id_fb136fd3_fk_school_user_email FOREIGN KEY (email_id) REFERENCES public.school_user(email) DEFERRABLE INITIALLY DEFERRED;


--
-- Name: school_teacher_subjects school_teacher_subje_subject_id_a85ed4fe_fk_school_su; Type: FK CONSTRAINT; Schema: public; Owner: school_user
--

ALTER TABLE ONLY public.school_teacher_subjects
    ADD CONSTRAINT school_teacher_subje_subject_id_a85ed4fe_fk_school_su FOREIGN KEY (subject_id) REFERENCES public.school_subject(id) DEFERRABLE INITIALLY DEFERRED;


--
-- Name: school_teacher_subjects school_teacher_subje_teacher_id_f1d036ce_fk_school_te; Type: FK CONSTRAINT; Schema: public; Owner: school_user
--

ALTER TABLE ONLY public.school_teacher_subjects
    ADD CONSTRAINT school_teacher_subje_teacher_id_f1d036ce_fk_school_te FOREIGN KEY (teacher_id) REFERENCES public.school_teacher(email_id) DEFERRABLE INITIALLY DEFERRED;


--
-- Name: school_timetable school_timetable_class_fk_id_05f8fece_fk_school_class_id; Type: FK CONSTRAINT; Schema: public; Owner: school_user
--

ALTER TABLE ONLY public.school_timetable
    ADD CONSTRAINT school_timetable_class_fk_id_05f8fece_fk_school_class_id FOREIGN KEY (class_id_id) REFERENCES public.school_class(id) DEFERRABLE INITIALLY DEFERRED;


--
-- Name: school_timetable school_timetable_subject_id_4e34912b_fk_school_subject_id; Type: FK CONSTRAINT; Schema: public; Owner: school_user
--

ALTER TABLE ONLY public.school_timetable
    ADD CONSTRAINT school_timetable_subject_id_4e34912b_fk_school_subject_id FOREIGN KEY (subject_id) REFERENCES public.school_subject(id) DEFERRABLE INITIALLY DEFERRED;


--
-- Name: school_timetable school_timetable_teacher_id_6cce87d6_fk_school_teacher_email_id; Type: FK CONSTRAINT; Schema: public; Owner: school_user
--

ALTER TABLE ONLY public.school_timetable
    ADD CONSTRAINT school_timetable_teacher_id_6cce87d6_fk_school_teacher_email_id FOREIGN KEY (teacher_id) REFERENCES public.school_teacher(email_id) DEFERRABLE INITIALLY DEFERRED;


--
-- Name: school_transportdetails school_transportdetails_user_id_1d32ef0d_fk_school_user_email; Type: FK CONSTRAINT; Schema: public; Owner: school_user
--

ALTER TABLE ONLY public.school_transportdetails
    ADD CONSTRAINT school_transportdetails_user_id_1d32ef0d_fk_school_user_email FOREIGN KEY (user_id) REFERENCES public.school_user(email) DEFERRABLE INITIALLY DEFERRED;


--
-- Name: school_user_groups school_user_groups_group_id_3f68166c_fk_auth_group_id; Type: FK CONSTRAINT; Schema: public; Owner: school_user
--

ALTER TABLE ONLY public.school_user_groups
    ADD CONSTRAINT school_user_groups_group_id_3f68166c_fk_auth_group_id FOREIGN KEY (group_id) REFERENCES public.auth_group(id) DEFERRABLE INITIALLY DEFERRED;


--
-- Name: school_user_groups school_user_groups_user_id_79545047_fk_school_user_email; Type: FK CONSTRAINT; Schema: public; Owner: school_user
--

ALTER TABLE ONLY public.school_user_groups
    ADD CONSTRAINT school_user_groups_user_id_79545047_fk_school_user_email FOREIGN KEY (user_id) REFERENCES public.school_user(email) DEFERRABLE INITIALLY DEFERRED;


--
-- Name: school_user_user_permissions school_user_user_per_permission_id_db20e4b5_fk_auth_perm; Type: FK CONSTRAINT; Schema: public; Owner: school_user
--

ALTER TABLE ONLY public.school_user_user_permissions
    ADD CONSTRAINT school_user_user_per_permission_id_db20e4b5_fk_auth_perm FOREIGN KEY (permission_id) REFERENCES public.auth_permission(id) DEFERRABLE INITIALLY DEFERRED;


--
-- Name: school_user_user_permissions school_user_user_per_user_id_068c776b_fk_school_us; Type: FK CONSTRAINT; Schema: public; Owner: school_user
--

ALTER TABLE ONLY public.school_user_user_permissions
    ADD CONSTRAINT school_user_user_per_user_id_068c776b_fk_school_us FOREIGN KEY (user_id) REFERENCES public.school_user(email) DEFERRABLE INITIALLY DEFERRED;


--
-- Name: SCHEMA public; Type: ACL; Schema: -; Owner: pg_database_owner
--

GRANT ALL ON SCHEMA public TO school_user;


--
-- Name: DEFAULT PRIVILEGES FOR SEQUENCES; Type: DEFAULT ACL; Schema: public; Owner: postgres
--

ALTER DEFAULT PRIVILEGES FOR ROLE postgres IN SCHEMA public GRANT ALL ON SEQUENCES TO school_user;


--
-- Name: DEFAULT PRIVILEGES FOR TABLES; Type: DEFAULT ACL; Schema: public; Owner: postgres
--

ALTER DEFAULT PRIVILEGES FOR ROLE postgres IN SCHEMA public GRANT ALL ON TABLES TO school_user;


--
-- PostgreSQL database dump complete
--

\unrestrict isHOzfcA1lPnmTtae9sqnKoN7JeGVEL3ZpgPoU1cP15vCpQnhzx9pEgbKIILZ3m

